Workbook

Sheet raw
A1: recipe_raws
A2: <정창욱 셰프 - 치킨 밀푀유 > ● 재료 닭가슴살, 슬라이스햄, 양파, 양배추, 파프리카, 바게트, 다진마늘, 크림소스, 우유, 통후추, 소금, 토마토소스 ● 조리 방법 1. 파프리카, 양배추, 슬라이스 햄을 썰어서 볶는다. 2. 닭가슴살에 소금, 후추를 뿌린 후 팬에 굽고, 잠시 식힌 후 얇게 포를 뜬다. 3. 포를 뜬 가슴살, 볶은 채소와 햄, 치즈, 토마토소스를 켜켜이 쌓는다. *동시에 작은 프라이팬에 크림과 가루치즈를 붓고 약불에 끓여 놓는다 4. 오븐에 5분간 굽고 홀그레인 머스터드, 크림소스, 구운 바게트를 곁들인다. | K2: 냉장고를 부탁해 시즌 1, 1화
A3: <홍석천 셰프 - 취닭거리> ● 재료 닭죽, 라조장, 취두부, 족발, 버터 ● 조리 방법 1. 살을 발라낸 족발에 버터, 라조장을 넣고 볶는다. 2. 취두부를 팬에서 익힌다. 3. 해동한 닭죽과 볶은 족발, 취두부를 함께 곁들인다.
A4: <최현석 - 닭딸> ● 재료 복분자, 바게트, 닭가슴살, 우유, 레몬즙, 소금, 후추, 마늘 ● 조리 방법 1. 복분자를 가열하다가 우유와 레몬즙을 넣고 졸인다. 2. 바케트는 썰어서 팬에 굽는다. 3. 소금 후추로 간을 한 닭가슴살을 마늘과 함께 굽는다. 4. 구운 닭가슴살에 복분자 소스와 바게트를 함께 곁들인다.
A5: <김풍 셰프 - 어머니 맛 풍족밥> ● 재료 치킨, 족발, 두반장, 라조장, 유자청, 밀가루, 밥 ● 조리 방법 1. 살을 발라낸 치킨, 족발에 두반장, 라조장, 유자청 을 넣고 볶는다. 2. 어느 정도 볶다가 밀가루(또는 녹말)를 물에 풀어 좀 더 볶아내면 완성. 3. 뜨거운 밥에 끼얹어 먹는다.
A6: <샘킴 셰프 - 치킨 요로케> ● 재료 닭가슴살, 소금, 후추, 밀가루, 양파, 햄, 토마토 소스, 파마산 치즈, 모짜렐라 치츠, 올리브유 ● 조리 방법 1. 얇게 저민 닭가슴살에 소금, 후추를 뿌리고 밀가루를 묻혀 굽는다. 2. 잘게 썰은 양파와 슬라이스 햄을 함께 볶는다. 3. 토마토 소스에 구운 닭가슴살, 파마산 치즈, 모짜렐라 치즈를 넣고 가열한다. 4. 마지막으로 올리브유를 뿌려준다.
A7: <미카엘 셰프 - 포크 미트볼> ● 재료 김치, 달걀, 햄, 밥 ● 조리 방법 1. 믹서에 갈은 김치와 달걀 물을 섞어서 스크램블을 만든다. 2. 갈은 통조림 햄을 넓게 편 후 1을 넣고 말아준다. 3. 겉에 달걀 물을 뭍이고 팬에서 익혀준다. 4. 접시에 밥과 함께 곁들여 낸다.
A8: <홍석천 셰프 - 만두부인 육수터졌네> ● 재료 냉동만두, 사골육수, 토마토, 발사믹 소스, 버터, 다진마늘, 고추냉이, 올리브오일, 프로슈토햄, 그뤼에르 치즈 ● 조리 방법 ① 뜨거운 팬에 올리브 오일을 두르고 다진 마늘을 볶다가 냉동만두를 굽는다. ② 겉은 바삭하게 구운 다음 버터를 조금 넣고 사골육수를 넣어 졸인다. ③ 졸여지면 발사믹 소스와 고추냉이, 토마토를 함께 넣어 볶는다. ④ 접시에 만두, 토마토 순으로 올리고 프로슈토 햄과 그뤼에르 치즈를 위에 토핑한다. | K8: 냉장고를 부탁해 시즌 1, 2화
A9: <정창욱 셰프 - 심쿵 오믈렛> ● 재료 달걀, 연어, 양파잼, 버터, 브로콜리, 소금, 후추, 케찹 ● 조리 방법 ① 달걀을 풀어놓는다. ② 프라이팬에 오일을 두르고 소금 후추 간을 한 연어를 굽는다. ③ 양파잼과 다진 브로콜리를 넣고 함께 굽는다. ④ 버터를 두른 팬에 풀어놓은 계란을 넣어 반숙으로 익힌다. (* 스크램블 에그 만들 듯이 약간 저어주며 익힌다) ⑤ 반숙으로 익힌 오믈렛에 구운 연어와 야채를 넣고 반으로 접는다. ⑥ 접시에 올리고 케찹을 뿌린다.
A10: <샘킴 셰프 - 엔초비 파스타> ● 재료 파스타면, 바게트빵, 올리브오일, 파슬리, 다진마늘, 애호박, 페페로치노, 엔초비 ● 조리 방법 ① 올리브 오일에 파슬리와 다진 마늘, 찢은 바게트 빵을 섞어 프라이팬에 굽는다. ② 끓는 물에 파스타면을 삶는다. ③ 프라이팬에 올리브 오일을 두르고 애호박, 엔초비, 페페로치노, 파슬리를 넣어 볶는다. ④ 익은 파스타면을 팬으로 옮겨 모든 재료를 함께 볶는다. (기호에 따라 버터를 조금 넣는다.)
A11: <김풍 셰프 - 고기와 썸타는 떡국떡 삼합> ● 재료 맥주, 삼겹살, 김치, 케찹, 고추장, 방울토마토, 떡국떡, 올리브오일 ● 조리 방법 ① 맥주와 삼겹살을 한 번에 넣고 삶는다. ② 들기름 두른 팬에 김치를 볶다가 방울토마토 간 것, 케찹, 고추장을 넣고 볶는다. ③ 기름 두른 팬에 떡국떡을 굽는다. ④ 접시에 적당한 크기로 자른 삼겹살과 김치, 구운 떡국떡을 담아낸다.
A12: <최현석 셰프 - 와닭> ● 재료 생닭, 마늘, 양파, 아티초크, 토마토 소스, 적포도, 사골육수 ● 조리 방법 ① 생닭을 해체한다. (껍질과 뼈는 사용하지 않는다.) ② 양파를 채 썰고, 마늘을 편 썬다. ③ 팬에 오일을 두르고 해체한 닭을 굽는다. ④ 다른 팬에 마늘과 양파를 넣고 볶다가 아티초크를 넣어 함께 볶는다. ⑤ 닭을 굽던 팬에 토마토 소스와 야채들을 넣어 함께 볶는다. ⑥ 적포도의 씨를 발라 프라이팬에 볶다가 모든재료를 함께 볶고 사골육수를 조금 넣어 익힌다.
A13: <미카엘 셰프 - 브로콜리 치킨> ● 재료 닭가슴살, 브로콜리, 슬라이스 치즈, 파프리카, 방울토마토, 버터, 소금, 후추 ● 조리 방법 ① 브로콜리를 잘라서 소금 넣은 물에 데친 후 다진다. ② 방울토마토를 반으로 자르고 파프리카를 채썬다. ③ 닭가슴살을 반으로 갈라 소금 후추 간을 한 후 데친 브로콜리와 치즈를 넣고 이쑤시개로 고정해 굽는다. ④ 같은 팬에 파프리카와 방울토마토를 넣어 함께 익힌다. ⑤ 버터를 조금 넣고 물을 약간 부어 뚜껑을 덮어 익힌다. ⑥ 고춧가루를 조금 뿌린다.
A14: <정창욱 셰프 - 삼겹살 플레이트> ● 재료 삼겹살, 양파, 알배추, 밥, 버터, 통마늘, 간장, 미림, 청주, 커피가루, 다진 마늘, 다진 생강 ● 조리 방법 ① 삼겹살을 썰어서 소금후추 간을 해서 굽는다. ② 다른 팬에 버터와 통마늘, 채 썬 양파를 넣어 볶다가 간장, 미림, 다진생강, 다진마늘, 커피가루를 넣어 끓인다. ③ 삼겹살에 청주를 넣어 끓이다가 건져 야채와 함께 섞는다 ④ 채 썬 알배추를 듬뿍 넣고 뚜껑을 덮어 숨을 죽인다. ⑤ 아이스크림 스쿱으로 밥을 담고 익은 고기와 채소를 얹어 낸다. | K14: 냉장고를 부탁해 시즌 1, 3화
A15: <최현석 셰프 - 강남비빔면> ● 재료 생칼국수면, 삼겹살, 새우젓, 고추장, 딸기잼, 참기름, 고추냉이 ● 조리 방법 ① 삼겹살을 잘게 썰어서 기름에 바삭하게 튀긴다 ② 고추장과 딸기잼, 참기름, 고추냉이를 섞는다 ③ 끓는 물에 칼국수면을 삶는다 (넘칠 때쯤 찬물을 한 번 넣어 쫄깃함을 더한다) ④ 물에 씻은 새우젓을 기름에 튀긴다 ⑤ 익은 면을 찬물에 씻고 소스와 버무려 접시에 담은 뒤 튀긴 삼겹살과 새우젓, 오렌지를 토핑한다.
A16: <샘킴 셰프 - 나 또 브리또> ● 재료 냉동새우 볶음밥, 소고기, 간장, 미림, 다진 마늘, 후추, 대파, 타이 칠리소스, 낫토, 버터, 플레인 요거트, 레몬즙 ● 조리 방법 ① 간장, 미림, 다진마늘, 후추, 어슷 썬 대파, 타이칠리소스, 낫토를 섞은 것에 샤브샤브용 고기를 넣어 재운다. ② 냉동새우볶음밥에 낫토, 버터를 넣어 볶는다. ③ 플레인 요거트와 레몬즙을 섞어 사워크림을 만들고 낫토를 잘게 다져 넣는다. ④ 또띠아를 팬에 굽고 다른 팬에 고기를 익힌다. ⑤ 또띠아 위에 볶음밥과 고기, 크림과 어슷썬 파를 얹어 낸다. | K16: 냉장고를 부탁해 시즌 1, 4화
A17: <김풍 셰프 - 갸루상 케이크> ● 재료 또띠아, 달걀, 설탕, 우유, 바닐라 아이스크림, 밀가루, 딸기 ● 조리 방법 ① 달걀의 흰자와 노른자를 분리한다. ② 노른자 2개와 설탕, 우유, 바닐라 아이스크림, 밀가루를 넣어 섞고 커스터드 크림이 될 때까지 전자렌지에 3분 간격으로 돌린다. ③ 또띠아를 6등분 해 기름에 튀겨낸다. ④ 튀긴 또띠아 위에 커스터드 크림을 층층이 올리고 반으로 자른 딸기를 토핑한다.
A18: <미카엘 셰프 - PLETKA> ● 재료 돼지고기 안심, 베이컨, 김치, 밥, 당근, 양파, 소주, 부추 ● 조리 방법 ① 길게 썬 돼지고기 안심과 베이컨의 윗부분을 이쑤시개로 고정한 후 머리땋 듯 땋고 끝부분도 이쑤시개로 고정해 팬에 굽는다. ② 소주를 부어 잡내를 날린다. ③ 김치, 양파, 당근을 잘게 썰어 같은 팬에 넣고 볶다가 물을 붓고 뚜껑을 덮는다. ④ 접시에 고기를 올리고 밥과 김치를 쌓아서 낸 후 다진 부추로 토핑한다.
A19: <홍석천 셰프 - 다 줄게라면> ● 재료 삼겹살, 복분자주, 김치, 어묵 통조림, 알배추, 라면, 매운 미소소스 ● 조리 방법 ① 복분자주에 재운 삼겹살을 길게 찢은 김치와 함께 말아 부추로 고정한 후 팬에 굽는다. ② 물과 어묵통조림과 매운미소소스, 큼직하게 썬 알배추를 넣고 끓인다. ③ 면을 넣어 끓인다. ④ 접시에 끓인 라면을 담고 김치말이 삼겹살을 얹어서 낸다.
A20: <정창욱 셰프 - 우리집에 오.새.요> ● 재료 청주, 미림, 양조간장, 국수장국, 오징어, 칵테일 새우, 다진 마늘, 당근, 양파, 박력분, 전분, 얼음, 대파, 무 ● 조리 방법 1. 청주, 미림, 양조간장, 국수장국을 끓여 소스를 만든다. 2. 오징어는 간장, 다진 마늘, 청주, 미림에 담가 간을 한다. 3. 채썬 채소와 칵테일 새우, 박력분, 전분, 얼음을 넣어 반죽을 한다. (* 반죽 후 얼음은 꼭 제거한다.) 4. 달궈진 기름에 반죽을 한국자씩 넣고 튀긴다. 5. 간을 한 오징어에 전분을 묻혀 튀긴다. 6. 그릇에 밥과 어슷썬 대파, 완성된 튀김과 갈은 무, 소스를 올려낸다. | K20: 냉장고를 부탁해 시즌 1, 5화
A21: <샘킴 셰프 - Mr.콩chu~♥> ● 재료 버터, 밀가루, 두유, 두부, 전분, 계피맛 쿠키, 설탕, 초콜릿 ● 조리 방법 1. 두부의 물기를 제거한다. 2. 버터를 녹이고 밀가루, 두유를 넣어 소스를 만든다. 3. 계피맛 쿠키를 믹서에 갈고 설탕을 섞어둔다 4. 깍뚝 썬 두부에 전분을 묻혀 튀긴다. 5. 튀긴 두부에 계피설탕가루를 입힌다. 6. 그릇에 두유소스와 두부츄러스, 바닐라 아이스크림, 다진 초콜릿을 토핑한다.
A22: <최현석 셰프 - For덕> ● 재료 가지, 계란흰자 통조림, 토마토, 파프리카, 고추장아찌, 토마토 소스, 올리브유, 소금, 후추 ● 조리 방법 ① 가지를 길게 썰어 올리브유를 두른 팬에 양면을 굽는다. ② 토마토는 열십자로 칼집을 내어 끓는 물에 데쳐 껍질을 벗긴다. ③ 적당한 크기로 썬 토마토와 다진 파프리카, 양파, 사과, 고추장아찌를 냄비에 넣고 으깨 소스를 만든다. ④ 토마토 소스를 넣어 풍미를 더한다. ⑤ 익은 가지를 격자 모양으로 놓고 소금 후추를 뿌린 후, 가운데 계란흰자 통조림을 넣어 감싼다. (* 비닐을 이용하면 좀 더 쉽게 모양을 잡을 수 있다.) ⑥ 모양이 잡힌 가지를 올리브유를 두른 팬에 한 번 더 익힌다. ⑦ 접시에 소스와 가지를 담아 낸다. | K22: 냉장고를 부탁해 시즌 1, 6화
A23: <미카엘 셰프 - 프로틴 스틱> ● 재료 계란흰자 통조림, 닭가슴살, 파프리카, 양파, 당근, 사과, 견과류, 대파, 식초, 올리브유 ● 조리 방법 ① 계란 흰자 통조림과 닭가슴살, 파프리카, 양파를 깍둑썰기 해 꼬치에 끼운다. ② 꼬치에 소금, 후추를 두르고 그릴팬에 굽는다. ③ 당근, 사과를 강판에 채썰고, 식초, 올리브유, 다진 견과류를 뿌린다. ④ 접시에 샐러드를 깔고 꼬치를 위에 낸다.
A24: <홍석천 셰프 - 불닭 소시지> ● 재료 소시지, 매운라면 소스, 당면라면, 청양고추, 상추 ● 조리 방법 ① 소시지를 끓는 물에 데쳐 기름기를 제거하고 적당한 크기로 썬다. ② 당면라면의 면을 끓는 물에 데쳐 찬물에 헹군 후, 매운라면 소스, 다진 청양고추에 버무린다. ③ 꼬치에 소시지를 꽂고, 양념한 면을 감는다. ④ 접시에 꼬치를 놓고 상추를 곁들여 낸다.
A25: <김풍 셰프 - 매우면 참치 & 쏘루아밀크> ● 재료 참치, 식빵, 토마토, 버터, 고춧가루, 소금, 소주, 인스턴트 커피, 흰우유 ● 조리 방법 ① 식빵을 토스트기에 굽는다. ② 버터를 두른 팬에 기름 뺀 참치와 믹서에 간 토마토, 고춧가루를 넣고 끓인다. ③ 얼음을 담은 잔에 소주, 설탕, 인스턴트 커피 섞은 것을 넣고, 흰우유를 넣어 층을 낸다. ④ 구운 식빵을 적당한 크기로 자르고 참치 양념을 얹어낸다.
A26: <정창욱 셰프 - 삼층돈탑> ● 재료 알배추, 대파, 목살, 다진 고추 장아찌, 설탕, 스테이크 소스, 올리고당 ● 조리 방법 1. 알배추는 먹기 좋은 크기로 썰어둔다. 2. 대파는 채썰고, 마늘은 편으로 썰어둔다. 돼지고기는 먹기 좋은 크기로 자른다. 3. 전자레인지용 그릇에 알배추 - 채 썬 대파 - 돼지고기를 층층이 쌓고 소금 후추 간을 한다. 4. 랩을 두르고 3분 간격으로 렌지에 돌린다. 5. 다진 고추 장아찌와 국물, 설탕을 두른 소스와 스테이크소스, 올리고당을 섞은 소스를 함께 낸다. | K26: 냉장고를 부탁해 시즌 1, 7화
A27: <김풍 셰프 - 엠티 오후의 라면> ● 재료 라면, 밀가루, 쇠고기 스프, 오징어, 계란 ● 조리 방법 1. 끓는 물에 밀가루와 쇠고기 스프, 라면스프를 넣고 끓인다. 2. 채 썬 오징어와 면, 건더기 스프를 넣고 끓인다. 3. 계란 푼 것을 라면에 두른다. 4. 총각김치를 곁들여 낸다.
A28: <최현석 셰프 - 봉선아 시집가자미> ● 재료 가자미, 양송이 버섯, 복분자 엑기스, 대파, 소금, 후추, 밀가루, 화이트 와인, 버터 ● 조리 방법 1. 팬 하나에 대파를 잘게 썰어 볶고, 다른 팬에는 양송이 버섯에 소금 후추 간을 해 볶는다. 2. 가자미는 껍질을 벗기고 뼈를 발라낸다. 3. 가자미에 소금 후추 간을 하고 밀가루를 뭍혀 올리브유를 두른 팬에 굽는다. 4. 가자미를 굽는 팬에 화이트와인과 복분자 엑기스를 부어 졸인다. 5. 그릇에 볶은 대파와 버섯을 놓고 그 위에 구운 가자미를 올린다. 6. 가자미 육즙이 남은 팬에 버터를 넣어 소스를 만든다.
A29: <샘킴 - 스키니 신> ● 재료 키조개 관자, 단감, 양상추, 양파, 고구마, 감자, 올리브유 ● 조리 방법 1. 감자를 삶는다. 2. 관자는 물기를 제거하고, 올리브유는 냄비에 넣고 데운다. 3. 관자는 얇게 썰어두고, 살짝 감자를 강판에 간다 4. 볼에 다진 양상추, 단감, 고구마를 넣고 샐러드를 만든다. 5. 감자와 다진 양파로 전을 부친다. 6. 달군 올리브유를 관자에 부어 익힌다. 7. 접시에 감자양파전, 샐러드, 관자를 얹어 낸다.
A30: <미카엘 - 파티비프> ● 재료 밥, 등심, 느타리 버섯, 양송이 버섯, 양상추, 양파, 총각김치, 쌈장, 생크림 ● 조리 방법 1. 청고추에 칼집을 내고 그릴팬에 굽는다. 2. 고기와 양파는 채썰고 양송이 버섯도 편으로 썰어 팬에 볶는다. 3. 2에 고기에 쌈장과 생크림을 넣고 볶는다. 4. 3에 다진 총각김치를 넣고 후추를 뿌린다. 5. 접시에 밥을 놓고 주위에 볶은 고기를 얹는다. 6. 중앙에 총각김치를 올린다.
A31: <홍석천 - 아이러브유부> ● 재료 삼겹살, 생크림, 달걀, 통마늘, 잣, 양파, 두반장, 굴소스, 고추장아찌 국물, 핫소스 ● 조리 방법 1. 삼겹살, 생크림, 달걀 흰자, 마늘 2쪽을 믹서기에 넣고 간다. 2. 간 고기에 잣, 두반장, 굴소스를 넣고 섞는다. 3. 양파와 물에 씻은 고추장아찌를 다져 섞는다. 4. 유부의 속을 채우고 삶는다. 5. 고추 장아찌 국물과 핫소스, 볶은 다진 마늘을 섞어 소스를 만들어 함께 낸다.
A32: <최현석 셰프 - 곤약 봉골레 곤봉> ● 재료 곤약, 파프리카, 바지락, 올리브 오일, 마늘, 소금, 후추 ● 조리 방법 1. 가스레인지 위에 파프리카를 올리고 표면을 태운다. 2. 곤약을 얇게 국수처럼 썬다. (실곤약 대체 가능) 3. 바지락 반은 육수를 내고 반은 살을 발라둔다. 4. 표면을 태운 파프리카의 껍질을 벗기고 얇게 채썬다. 5. 올리브유에 다진 마늘을 볶다가 바지락과 소금 후추를 뿌리고 볶는다. 6. 채 썬 곤약과 파프리카를 넣어 볶다가 육수를 부어 끓인다. | K32: 냉장고를 부탁해 시즌 1, 8화
A33: <홍석천 셰프 - 렛잇컵> ● 재료 찐고구마, 두유, 딸기, 키위, 사과, 홍시, 플레인 요거트, 생고구마 ● 조리 방법 1. 찐 고구마의 껍질을 벗기고 으깬 후, 두유를 섞어 농도를 맞춘다. 2. 각종 과일을 먹기 좋은 크기로 썰어 둔다. 3. 와인잔에 찐 고구마와 과일을 겹겹이 쌓는다. 4. 플레인 요거트와 복분자 원액을 넣는다. 5. 생고구마를 썰어 스틱을 만들고 홍시와 플레인 요거트로 소스을 만들어 함께 낸다.
A34: <샘킴 셰프 - 마이 러블리 튀밥> ● 재료 파프리카, 버섯, 양파, 명란젓, 대파, 즉석밥, 참기름, 치즈, 소금, 후추, 올리브유, 마늘, 블랙올리브, 홍고추, 방울토마토, 토마토소스, 밀가루, 달걀, 빵가루, 식용유, 파슬리 ● 조리 방법 1. 파프리카, 버섯, 양파를 다지고 올리브유를 두른 팬에 볶는다. 2. 명란젓에 다진 대파를 넣고, 볶은 채소, 즉석밥, 참기름을 넣고 함께 섞는다. 3. 팬에 올리브유와 마늘, 블랙올리브, 홍고추, 방울토마토, 토마토 소스를 넣어 소스를 만든다. 4. 밥을 뭉칠 때 속에 치즈를 넣고 밀가루, 달걀물, 빵가루 순으로 옷을 입힌다. 5. 달군 기름에 뭉친 밥을 넣어 튀긴다. 6. 토마토소스 위에 튀긴 밥을 올리고 파슬리와 올리브유를 뿌려서 낸다. | K34: 냉장고를 부탁해 시즌 1, 9화
A35: <김풍 셰프 - 자투리타타> ● 재료 파프리카, 양파, 버섯, 명란젓, 달걀, 올리브유, 방울토마토, 마늘, 팽이버섯, 베이컨 ● 조리 방법 1. 파프리카, 양파, 버섯 등의 재료는 잘게 다진다. 2. 명란젓을 넣은 달걀물에 치즈를 갈아 넣는다. 3. 올리브유를 두른 팬에 다진 채소와 방울토마토, 다진 마늘, 팽이버섯을 넣고 볶는다. 4. 채소를 볶던 팬에 달걀물을 붓고 호일을 덮어 익힌다. 5. 베이컨을 잘게 썰어 키친타올 사이에 넣고 렌지에 돌려 바삭하게 만든다. 6. 프리타타 위에 베이컨을 놓고 토치로 표면을 익힌다.
A36: <정창욱 셰프 - 괜찮아, 목심이야> ● 재료 돼지고기 목심, 양파, 당근, 양상추, 사과, 전분, 소금, 후추, 오리엔탈 소스, 식초, 설탕 ● 조리 방법 1. 양파, 당근, 사과, 양상추를 가늘게 채 썬다. 2. 오리엔탈 소스에 식초와 설탕을 넣어 끓인 후, 채 썬 양파, 당근과 섞어둔다. 3. 소금, 후추로 밑간을 한 돼지고기 목심을 전분이 고르게 묻도록 섞는다. 4. 끓는 물에 돼지고기 목심을 익힌 후, 건진다. 5. 접시에 고기와 채소를 차례로 얹는다. 6. 채 썬 양상추와 사과를 올리고 소스를 뿌려 완성한다.
A37: <미카엘 셰프 - 마이 스위트 베이비> ● 재료 소고기 등심, 사과, 레드와인, 흑설탕, 소금, 후추 ● 조리 방법 1. 소금, 후추 간을 한 소고기 등심을 팬에 굽는다. 2. 사과를 자르고 씨를 발라 팬에 굽는다. 3. 소고기 등심을 꺼내 놓고 흑설탕과 물에 구운 사과를 졸인다. 4. 등심을 다시 팬에 올리고 레드와인을 부어 좀 더 익힌다. 5. 졸인 사과와 등심을 함께 낸다
A38: <최현석 셰프 - 어란대첩> ● 재료 파스타면(엔젤헤어), 무, 어란, 올리브유, 쯔유, 소금, 후추 ● 조리 방법 1. 무를 얇게 채 썬다. 2. 채 썬 무를 얼음물에 담가 식감을 살린다. 3. 끓는 물에 파스타면을 넣고 삶는다. 4. 익은 파스타면을 얼음물에 넣어 식힌 후 올리브유, 쯔유, 소금, 후추를 넣어 섞는다. 5. 접시에 파스타면과 채썬 무를 차례로 올리고 어란을 갈아 올린다. | K38: 냉장고를 부탁해 시즌 1, 10화
A39: <박준우 셰프 - 뉴타운 달팽이> ● 재료 달팽이, 양파, 버터, 매시드 포테이토 분말, 레드와인, 시금치 ● 조리 방법 1. 팬에 버터, 다진 양파, 소금, 달팽이를 넣고 볶는다. 2. 끓는 물에 매시드 포테이토 분말을 넣고 매시드 포테이토를 만든다. 3. 달팽이를 볶던 팬에 레드와인을 부어 졸인다. 4. 팬에 버터와 시금치를 넣어 볶는다. 5. 접시에 매시드 포테이토를 깔고 달팽이와 양파를 올린 후, 볶은 시금치와 소스를 곁들여 낸다. 6. 마지막으로 다진 홍고추를 올린다.
A40: <홍석천 셰프 - 삼국회담> ● 재료 양갈비, 쌀국수면, 커민, 마늘, 중국 고추소스, 코코넛 밀크, 새우젓, 말린 양파, 피쉬소스, 동치미 국물, 탄산수, 참기름 ● 조리 방법 1. 끓는 물에 쌀국수면을 삶는다. 2. 후추를 뿌린 양갈비를 손질한 후, 커민으로 양념을 한다. 3. 올리브유를 두른 팬에 으깬 마늘과 중국 고추소스를 넣어 볶다가 양갈비를 넣어 굽는다. 4. 믹서기에 코코넛 밀크와 새우젓, 말린 양파를 넣고 갈아 소스를 만든다. 5. 끓인 쌀국수 면을 건져 얼음물에 헹군 후 피쉬소스, 동치미 국물, 탄산수, 참기름을 넣어 국수를 완성한다. 6. 접시에 구운 양갈비와 새우젓 소스를 곁들여 낸다.
A41: <샘킴 셰프 - 로맨티스튜~♡> ● 재료 한우 등심, 밀가루, 베이컨, 양파, 토마토, 생크림, 코코넛 밀크, 커리 페이스트, 양배추, 밥, 레몬즙, 고수, 홍고추, 청고추, 올리브유 ● 조리 방법 1. 한우 등심을 깍둑썰기 한다. 2. 올리브유를 두른 팬에 밀가루를 묻힌 등심을 볶아 놓는다. 3. 팬에 올리브유와 잘게 썬 베이컨을 넣어 볶는다. 4. 팬에 올리브유와 다진 양파, 토마토를 넣고 볶는다. 5. 토마토가 익으면 생크림, 코코넛 밀크를 넣고 끓인다. 6. 끓인 소스에 볶아둔 한우 등심을 넣고 끓인다. 7. 커리 페이스트를 넣고 소금, 후추로 간을 한다. 8. 베이컨을 볶던 팬에 채 썬 양배추를 넣어 함께 볶는다. 9. 즉석밥을 전자레인지에 돌리고, 베이컨에 레몬즙을 넣는다. 10. 스튜와 베이컨에 고수를 넣어 익힌다. 11. 접시에 스튜와 볶은 베이컨, 양배추를 올린 후 홍고추, 청고추, 레몬을 곁들인다. 12. 밥 위에 홍고추, 고수를 올리고 레몬즙을 뿌려낸다.
A42: <김풍 셰프 - 섹시 한 컵> ● 재료 통조림햄, 슬라이스 치즈, 바질페스토, 달걀, 할라피뇨 ● 조리 방법 1. 통조림 햄을 비닐팩에 넣고 으깬다. 2. 팬에 버터를 두르고 다진 양파와 으깬 햄을 볶는다. 3. 볶던 햄과 양파에 설탕을 넣는다. 4. 슬라이스 치즈를 넣고 함께 볶는다. 5. 밥을 바질페스토에 비벼둔다. 6. 올리브유를 두른 팬에 달걀을 깨트려 넣고 물을 조금 부은 다음 뚜껑을 닫아 반숙으로 익힌다. 7. 컵에 바질페스토에 비빈 밥과 할라피뇨, 볶은 햄과 양파를 차례로 담는다. 8. 컵밥 가장 위에 반숙 달걀 프라이를 올린다. | K42: 냉장고를 부탁해 시즌 1, 11화
A43: <미카엘 셰프 - 가희에게 반하나> ● 재료 달걀, 탄산수, 바나나, 초콜릿 잼, 견과류, 블루베리 ● 조리 방법 1. 달걀, 밀가루, 우유, 탄산수를 넣어 반죽을 만든다. 2. 바나나를 얇게 썬다. 3. 팬에 반죽을 얇게 부친다. 4. 익은 반죽 위에 바나나를 올리고 초콜릿 잼을 바른다. 5. 크레페의 가장자리를 접어 모양을 만든 후, 접시에 올려 다진 견과류와 블루베리를 곁들인다. * 기호에 따라 다양한 재료를 넣어 식사, 디저트 등으로 즐길 수 있다
A44: <정창욱 셰프 - 엑소 떡볶이> ● 재료 인스턴트 떡볶이, 굴소스, XO소스, 양배추, 로메인 상추 ● 조리 방법 1. 소량의 기름에 떡을 표면만 살짝 튀긴다. 2. 잘게 썬 대파를 볶다가 굴소스, XO소스, 다진 마늘, 다진 생강, 채 썬 양배추를 넣어 소스를 만든다. 3. 소스에 백후추, 청주, 설탕을 넣어 볶는다. 4. 소스에 식초, 양조간장을 넣어 볶는다. 5. 소스에 떡을 넣어 볶는다. 6. 접시에 떡볶이를 담고 볶은 로메인 상추를 올려낸다.
A45: <이원일 셰프 - 한 뚝볶이 하실래예?> ● 재료 떡국떡, 감자, 냉동만두, 페페로치노 ● 조리 방법 1. 끓는 물에 떡국떡을 살짝 데친다. 2. 감자, 양파, 대파를 잘게 다진다. 3. 다진 채소를 뚝배기에 담고 만두소를 넣는다. 4. 뚝배기에 물을 붓고 끓인다. 5. 된장에 전분, 고춧가루, 청주를 섞는다. 6. 기름을 두른 팬에 다진 마늘과 다진 페페로치노를 넣고 데친 떡을 볶는다. 7. 채소를 끓이던 뚝배기에 된장을 넣고 졸여 강된장을 만든다. 8. 볶은 떡을 소금, 간장으로 간을 한다. 9. 떡에 채 썬 대파를 고명으로 올리고 강된장과 함께 낸다.
A46: <홍석천 셰프 - 굴로장생> ● 재료 멸치가루, 굴비, 호두오일, 레몬, 느타리버섯, 그라나파다노 치즈, 후추, 고추장, 양파, 마늘, 소금, 후추, 버터 ● 조리 방법 1. 끓는 물에 멸치가루를 넣어 육수를 만든다. 2. 해동된 굴비는 다듬어 칼집을 낸다. 3. 고추장과 호두오일, 레몬즙을 섞어 양념을 만든다. 4. 후추를 뿌린 굴비에 고추장 양념을 바른다. 5. 얇게 썬 레몬을 양념한 굴비의 위아래에 깐 다음 오븐에 굽는다. 6. 기름을 두른 팬에 다진 양파, 으깬 마늘을 넣어 볶다가 밥과 멸치 육수를 넣어 볶는다. 7. 팬에 기름을 두르고 편썰기 한 마늘과 느타리버섯을 소금, 후추 간을 해 볶는다. 8. 리소토에 그라나파다노 치즈를 갈아 넣고 버터를 넣어 볶는다. 9. 접시에 리소토와 볶은 버섯을 담고 위에 고추장 굴비를 얹어낸다. | K46: 냉장고를 부탁해 시즌 1, 12화
A47: <이원일 셰프 - 낙지 호로록> ● 재료 낙지, 돌나물, 레몬청, 레몬, 청양고추, 페페로치노, 소금, 양파, 식초, 설탕, 다진 마늘, 참기름, 깨 ● 조리 방법 1. 낙지는 소금을 뿌려 깨끗하게 씻는다. 2. 돌나물, 채 썬 양파, 얇게 썬 청양고추를 각각 얼음물에 담근다. 3. 끓는 물에 식초와 소금을 넣고 낙지를 데친다. 4. 데친 낙지는 얼음물에 식혀둔다. 5. 레몬청, 얼음, 설탕, 다진마늘, 페페로치노를 믹서에 곱게 갈아 소스를 만든다. 6. 식혀둔 낙지에 다진 마늘과 참기름으로 양념을 한다. 7. 접시에 돌나물, 양념한 낙지, 양파, 청양고추를 차례로 담는다. 8. 깨를 양 손으로 비벼 으깨 넣고 소스를 부어 완성한다.
A48: <샘킴 셰프 - 달.고.나> ● 재료 돼지고기 앞다리살, 마살라, 양파, 당근, 밀가루, 버터, 쪽파 ● 조리 방법 1. 한 입 크기로 썬 양파와 당근을 볶다가 설탕을 넣는다. 2. 돼지고기 앞다리살을 반으로 가르고 고기망치로 육질을 부드럽게 만든다. 3. 볶던 채소에 물을 부어 끓인다. 4. 고기에 소금 후추로 간을 하고 마살라와 밀가루를 묻혀 기름을 두른 팬에 굽는다. 5. 채소를 끓인 물을 고기에 부어 익힌다. 6. 고기를 다른 팬에 옮기고 남은 육수에 밀가루와 버터를 넣어 소스를 만든다. 7. 쪽파를 굽는다. 8. 접시에 볶은 야채, 고기, 쪽파를 차례로 올리고 소스를 뿌려 완성한다.
A49: <미카엘 셰프 - 오순도순> ● 재료 오징어, 청양고추, 쌈채소, 토마토, 레몬, 케이퍼, 그라나파다노 치즈, 양파, 대파, 밥, 쌈장 ● 조리 방법 1. 올리브유를 두른 팬에 다진 오징어 다리, 양파, 대파, 청양고추를 넣어 볶는다. 2. 밥과 쌈장을 넣고 볶다가 토마토를 갈아 넣는다. 3. 오징어 몸통의 속을 채운 다음 그릴팬에 굽는다. 4. 접시에 쌈채소, 토마토, 레몬, 케이퍼를 놓고 가운데 오징어를 놓는다. 5. 오징어에 칼집을 내고 그라나파다노 치즈를 갈아 오징어 위에 뿌려준다.
A50: <정창욱 셰프 - 굴링굴링> ● 재료 굴, 우스터소스, 굴소스, 매실장아찌, 소금, 식초, 설탕, 간장, 국수장국, 연겨자, 전분, 양차, 고추, 쪽파 ● 조리 방법 1. 굴에 소금을 많이 뿌려 수분을 뺀다. 2. 식초, 설탕, 간장, 국수장국, 연겨자, 굴소스, 우스터소스를 끓여 소스를 만든다. 3. 수분을 제거한 굴을 물에 담가 남은 염분을 제거한다. 4. 물기를 닦아낸 굴에 전분을 입혀서 튀긴다. 5. 끓인 소스에 물전분을 넣어 걸쭉하게 만든다. 6. 접시에 굴튀김을 담고 채 썬 양파, 다진 고추와 매실장아찌, 소스를 얹는다. 7. 다진 파를 뿌려 완성한다. | K50: 냉장고를 부탁해 시즌 1, 13화
A51: <최현석 셰프 - 보굴보굴> ● 재료 굴, 미역, 우유, 양파, 버터, 밀가루, 참기름, 마늘 ● 조리 방법 1. 끓는 물에 굴을 넣고 삶아서 육수를 만든다. 2. 팬에 버터, 밀가루를 넣어서 루를 만든다. 3. 참기름, 마늘, 불린 미역을 함께 볶다가 굴 육수를 넣고 끓인다. 4. 루에 우유를 부어 베샤멜 소스를 만든다. 5. 팬에 다진 양파와 굴을 넣어 볶는다. 6. 미역과 함께 끓인 굴 육수에 베샤멜 소스를 넣어 함께 끓인다. 7. 끓인 스프를 믹서기에 넣고 간다. 8. 스프를 체에 거르고 볶은 굴과 양파를 넣은 뒤 소금, 후추로 간을 한다. 9. 그릇에 완성된 스프를 담고 참기름을 뿌려 낸다.
A52: <김풍 셰프 - 허풍찜닭밥> ● 재료 닭가슴살 통조림, 참치 통조림, 우스터소스, 김치, 카레가루, 달걀, 토마토, 레몬즙, 굴소스, 양파, 소금, 후추, 밥, 전분, 설탕 ● 조리 방법 1. 팬에 채 썬 양파를 볶다가 소금, 후추 간을 한다. 2. 다진 양파에 콜라를 붓고, 닭가슴살 통조림, 우스터소스를 넣어 졸인다. 3. 끓는 물에 김치를 잘라 넣는다. 4. 달걀과 카레가루를 함께 푼다. 5. 살짝 익힌 즉석밥을 달걀물에 넣고 섞어 팬에 볶는다. 6. 토마토 간 것과 참치 통조림을 찌개에 부어 함께 끓인다. 7. 졸인 닭가슴살에 전분을 넣어 농도를 조절한다. 8. 찌개에 우스터소스와 설탕을 넣는다. 9. 찌개에는 굴소스를, 닭가슴살에는 레몬즙을 넣어 마무리한다. 10. 볶음밥에 콜라에 졸인 닭가슴살을 곁들이고, 김치찌개를 따로 낸다.
A53: <박준우 셰프 - 허달달> ● 재료 치킨 비프볼, 굴소스, 달걀, 우유, 소보로빵, 새송이 버섯, 두부, 다시마, 멸치, 대파, 양파, 다진 마늘, 다진 생강, 즉석밥 ● 조리 방법 1. 다시마와 멸치로 육수를 낸다. 2. 팬에 기름을 두르고 대파를 볶는다. 3. 육수에 새송이 버섯, 채 썬 양파, 두부를 넣고 된장을 푼다. 4. 치킨 비프볼과 다진 마늘, 다진 생강, 굴소스를 섞은 다음 대파와 함께 볶는다. 5. 즉석밥과 치킨 비프볼을 함께 볶는다. 6. 달걀물을 부어 함께 볶아 볶음밥을 완성한다. 7. 된장국에 체에 내린 달걀물을 넣어 함께 끓인다. 8. 달걀물에 우유, 설탕을 넣고 소로보빵을 적셔 팬에 굽는다. 9. 볶음밥, 된장국, 프렌치토스트를 따로 담아 낸다.
A54: <샘킴 셰프 - 파콘 투게더> ● 재료 옥수수캔, 참치캔, 펜네, 방울토마토, 베이컨, 아보카도, 칠리파우더, 파마산 치즈, 고수, 소금, 레몬즙, 양파 ● 조리 방법 1. 옥수수와 참치를 체에 받쳐 수분과 기름기를 제거한다. 2. 끓는 물에 소금을 넣고 펜네를 삶는다. 3. 방울토마토를 썰어 레몬즙을 뿌리고 올리브유와 소금, 다진 고수를 넣어 섞는다. 4. 채 썬 양파와 잘게 썬 베이컨을 팬에 볶는다. 5. 아보카도를 잘게 썰어 샐러드에 넣고 섞는다. 6. 팬에 칠리파우더, 방울토마토, 면수를 넣어 볶는다. 7. 채소를 볶던 팬에 토마토소스를 넣어 끓인다. 8. 삶은 펜네를 토마토소스에 넣고 함께 볶는다. 9. 파마산 치즈를 뿌려 파스타를 완성한다. 10. 샐러드 위에 옥수수와 참치를 올리고 레몬즙, 다진 고수를 뿌려 파스타와 함께 낸다. | K54: 냉장고를 부탁해 시즌 1, 14화
A55: <미카엘 셰프 - 백 투 더 치킨> ● 재료 닭고기, 생강, 달걀, 방울토마토, 고수, 올리브유, 양파, 당근, 전분 ● 조리 방법 1. 닭의 뼈를 발라 육수를 낸다. 2. 닭고기를 올리브유를 두른 팬에 굽는다. 3. 닭고기에 생강을 갈아 넣고 소금, 후추로 간을 한다. 4. 양파와 당근을 다져 넣고 함께 볶는다. 5. 육수에 달걀 흰자를 넣는다. 6. 육수를 체에 걸러 남은 기름기를 제거한다. 7. 닭고기를 익히던 팬에 육수를 부어 함께 끓인다. 8. 스튜에 방울토마토를 갈아 넣는다. 9. 스튜에 물전분을 넣어 농도를 조절한다. 10. 즉석밥에 고수를 올리고 완성된 스튜와 함께 낸다.
A56: <홍석천 셰프 - 멕시코 갓(god) 쌈?!> ● 재료 망고스틴, 방울토마토, 고수, 사워크림, 사과, 타코시즈닝, 식빵, 소시지, 슬라이스 치즈, 화이트와인 ● 조리 방법 1. 망고스틴, 양파, 방울토마토, 고수를 다져서 섞어 타코 토핑을 만든다. 2. 사워크림과 사과를 섞어 딥소스를 만든다. 3. 잘게 썬 닭고기를 타코시즈닝, 화이트 와인을 넣어 볶는다. 4. 소시지를 길게 잘라 굽는다. 5. 슬라이스 치즈는 길게 잘라 둔다. 6. 가장자리를 자른 식빵을 밀대로 납작하게 펴서 팬에 굽는다. 7. 식빵과 볶은 닭고기, 타코 토핑, 구운 소시지, 치즈, 사과 딥소스를 함께 낸다.
A57: <정창욱 셰프 - 타코 리턴> ● 재료 만두피, 다진 소고기, 타코시즈닝, 방울토마토, 얼린 토마토, 고수, 마늘장아찌, 아보카도, 사워크림, 스리라차 소스, 핫소스, 소금, 후추, 양파, 올리브유, 레몬즙 ● 조리 방법 1. 만두피를 기름에 튀긴다. 2. 다진 소고기에 소금, 후추 간을 해서 볶는다. 3. 볶던 소고기에 타코시즈닝으로 양념을 한다. 4. 고추를 가스레인지 불에 그대로 올려 직화한다. 5. 방울토마토, 양파, 청양고추 섞은 것에 핫소스, 스리라차 소스를 넣는다. 6. 얼린 토마토, 고수, 마늘장아찌, 올리브유, 후추, 레몬즙을 섞는다. 7. 구운 고추를 다져서 넣고 아보카도를 올려 타코 토핑을 완성한다. 8. 튀긴 만두피, 볶은 고기, 타코 토핑, 사워크림, 스리라차 소스를 함께 낸다.
A58: <이원일 셰프 - 냉장고탕> ● 재료 김치, 고등어, 상추, 된장, 두부 ● 조리 방법 1. 김치를 물에 씻는다. 2. 김치와 양파를 채 썰어 다진 마늘과 참기름으로 양념한다. 3. 2에 다진 대파를 섞고 냄비에 넣어 볶는다. 4. 3에 물과 청주를 부어 끓인다. 5. 잘게 썬 청양고추를 넣어 끓인다. 6. 기름을 두른 팬에 고등어를 구워서 으깬다. 7. 믹서에 고등어, 뜨거운 물을 넣고 갈아 냄비에 넣는다. 8. 상추를 넣고 된장을 푼 다음 두부를 넣는다. 9. 깨를 갈아 넣고 후추를 뿌린다. 10. 완성된 탕에 대파를 썰어 올리고 밥과 함께 낸다. | K58: 냉장고를 부탁해 시즌 1, 15화
A59: <박준우 셰프 - 고된 밀푀유> ● 재료 두부, 감자, 된장, 할라피뇨, 유자청, 상추 ● 조리 방법 1. 원형 틀을 이용해 두부를 동그랗게 자르고 얇게 포를 뜬다. 2. 기름을 두른 팬에 두부를 바삭하게 지진다. 3. 감자는 작게 썰어 끓는 물에 삶는다. 4. 고등어에 된장을 바르고 버터를 두른 팬에 굽는다. 5. 다진 마늘과 다진 생강, 청주, 미림을 부어 익힌다. 6. 버터와 된장을 섞는다. 7. 삶은 감자, 버터, 된장버터를 섞어 퓨레를 만든다. 8. 다진 할라피뇨를 넣는다. 9. 체를 이용해 구운 고등어와 소스를 분리한다. 10. 접시에 감자 퓨레, 고등어, 두부를 차례로 쌓는다. 11. 올리브유와 레몬즙, 유자청, 다진 상추를 섞어 가니쉬를 만든다. 12. 밀푀유 위에 가니쉬를 얹고 소스를 둘러 완성한다.
A60: <최현석 셰프 - 안심하드라고~!> ● 재료 감자, 당근, 안심, 팥 아이스크림 ● 조리 방법 1. 끓는 물에 소금, 버터를 넣고 감자, 당근, 대파를 삶는다. 2. 소금, 후추 간을 한 안심을 달군 팬에 굽는다. 3. 고기를 굽는 팬에 삶은 대파를 넣어 함께 굽는다. 4. 삶은 당근에 버터, 레몬즙, 설탕을 넣고 볶아준다. 5. 4에 레몬 껍질을 갈아 넣는다. 6. 팬에 레드와인을 붓고 팥 아이스크림과 버터를 넣고 졸인다. 7. 체에 팥 건더기를 거르고 소스만 끓인다. 8. 접시에 안심 스테이크와 감자, 당근, 대파를 올리고 팥소스를 뿌려낸다.
A61: <김풍 셰프 - 미숫가루보나라> ● 재료 미숫가루, 달걀, 우유, 초콜릿 ● 조리 방법 1. 믹서에 우유와 미숫가루를 넣고 간다. 2. 냄비에 1을 붓고 설탕을 넣어 끓인다. 3. 달걀, 박력분, 우유를 넣고 반죽을 만든다. 4. 기름을 두른 팬에 반죽을 부어 굽는다. 5. 미숫가루 소스에 소금 간을 한다. 6. 구워진 반죽을 가늘게 썰어 면을 만든다. 7. 미숫가루 소스에 면을 넣어 끓인다. 8. 접시에 면과 소스를 담고 초콜릿을 뿌려낸다.
A62: <정창욱 셰프 - 미소볼> ● 재료 미트볼, 크림치즈, 옥수수, 팽이버섯, 새송이버섯, 달걀, 마늘, 레드와인, 생강, 토마토소스, 버터, 설탕, 간장, 고추, 대파, 양파, 소금, 후추, 레몬, 파마산 치즈, 즉석밥 ● 조리 방법 1. 냄비에 으깬 마늘, 미트볼, 레드와인, 다진 생강을 넣고 끓인다. 2. 토마토 소스에 크림치즈를 넣어 소스를 만든다. 3. 버터를 두른 팬에 옥수수를 넣고 설탕, 간장을 넣어 볶는다. 4. 미트볼에 토마토 소스를 넣고 간장을 넣어 끓인다. 5. 고추, 팽이버섯, 새송이버섯, 대파, 양파를 굽는다. 6. 소금, 후추 간을 하고 레몬 껍질을 갈아 넣는다. 7. 채소에 레몬즙을 넣는다. 8. 미트볼에 파마산 치즈를 뿌린다. 9. 달걀 프라이를 만든다. 10. 그릇에 밥, 미트볼, 달걀 프라이, 옥수수, 채소를 얹어낸다. | K62: 냉장고를 부탁해 시즌 1, 16화
A63: <김풍 셰프 - 와풍 주니어 버거> ● 재료 미트볼, 통조림햄, 달걀, 팽이버섯, 카스테라, 슬라이스 치즈, 버터, 양파, 소금, 후추, 마요네즈, 머스터드, 마늘 ● 조리 방법 1. 미트볼, 통조림햄, 달걀을 함께 으깨어 섞는다. 2. 둥글게 패티를 만들어 굽는다. 3. 버터를 두른 팬에 채 썬 양파, 팽이버섯을 볶다가 소금, 후추 간을 한다. 4. 카스테라 두 개를 납작하게 누른다. 5. 패티 위에 슬라이스 치즈를 올리고 뚜껑을 닫아 치즈를 녹인다. 6. 마요네즈, 머스터드, 다진 마늘, 후추를 섞어 소스를 만든다. 7. 카스테라→패티→볶은 채소→소스→카스테라 순으로 얹어 낸다.
A64: <이원일 셰프 - 트리퐁크라운> ● 재료 우유, 크림치즈, 달걀, 사과주스, 초콜릿, 호두, 바닐라 시럽, 카스테라, 시리얼, 아몬드, 설탕, 레몬즙 ● 조리 방법 1. 냄비 두 개에 우유를 끓인다. 2. 크림치즈를 전자레인지에 넣어 녹인다. 3. 달걀, 설탕, 사과주스, 레몬즙을 섞어서 끓인다. 4. 3에 버터를 넣어 커스터드 크림을 만든다. 5. 체에 거른 커스터드 크림을 냉동실에 넣어 식힌다. 6. 끓인 우유에 초콜릿을 넣어 녹인다. 7. 초콜릿 소스에 호두를 갈아 넣는다. 8. 끓인 우유에 크림치즈, 레몬즙을 넣어 끓인다. 9. 크림치즈 소스에 바닐라 시럽을 넣는다. 10. 깍둑썰기 한 카스테라를 접시에 담고, 크림치즈 소스, 초콜릿 소스, 커스터드 크림을 각각 담아낸다. 11. 시리얼을 잘게 부숴 함께 낸다.
A65: <박준우 셰프 - 라벤더숲> ● 재료 우유, 라벤더 티백, 달걀, 아사이베리즙, 사과, 카스테라, 초콜릿, 쿠키, 아몬드, 설탕, 레몬즙 ● 조리 방법 1. 냄비에 우유, 설탕, 라벤더 티백을 넣어 끓인다. 2. 달걀 노른자에 설탕을 넣고 섞다가 1을 부어 함께 섞는다. 3. 체를 이용해 거품과 티백을 거르고 다시 끓인다. 4. 아사이베리즙에 레몬즙을 넣어 끓인다. 5. 다진 아몬드, 잘게 썬 사과를 완성 그릇에 깔아준다. 6. 카스테라를 얇게 썰어 아몬드와 사과 위에 얹는다. 7. 완성된 라벤더 소스를 카스테라에 붓는다. 8. 다진 초콜릿을 올린다. 9. 쿠키를 올리고 아사이베리 소스를 둘러 완성한다.
A66: <샘킴 - 살치는 매운 요리> ● 재료 페페론치노, 파슬리, 양배추, 살치살, 콜라비, 아보카도, 올리브유, 마늘, 레몬, 소금, 후추, 고추 ● 조리 방법 1. 올리브유에 마늘, 페페론치노, 파슬리, 레몬즙을 넣고 끓인다. 2. 감자를 삶는다. 3. 마늘 기름을 두른 팬에 채 썬 양배추를 볶는다. 4. 소금, 후추로 간을 한 살치살을 굽는다. 5. 고추와 콜라비, 아보카도를 함께 구워준다. 6. 살치살과 볶은 양배추를 접시에 담는다. 7. 구운 고추를 올리고 마늘 기름을 둘러 완성한다. | K66: 냉장고를 부탁해 시즌 1, 17화
A67: <최현석 - 삼고마비> ● 재료 고춧가루, 페페론치노, 콜라비, 꽃갈비살, 매실액, 꿀, 청양고추, 대파, 소금, 후추, 설탕, 레몬 ● 조리 방법 1. 올리브유에 대파를 넣어 끓인다. 2. 1에 고춧가루, 페페론치노를 넣어 함께 끓인다. 3. 얇게 채 썬 콜라비에 소금을 뿌려 숨을 죽인다. 3. 소금, 후추 간을 한 꽃갈비살을 굽는다. 4. 익힌 꽃갈비살을 얇게 썬다. 5. 콜라비에 매실액을 넣는다. 6. 콜라비에 다진 대파와 설탕을 넣어 섞는다. 7. 끓인 기름을 체에 거르고 꿀과 레몬즙을 넣고 섞는다. 8. 접시에 꽃갈비살과 콜라비를 올리고 기름을 두른다. 9. 얇게 썬 청양고추와 레몬 껍질을 갈아 올려서 완성한다.
A68: <미카엘 - 가슴이 콩닭콩닭> ● 재료 파슬리, 닭가슴살, 고춧가루, 애호박, 콜라비, 발사믹 드레싱, 설탕, 올리브유, 후추, 소금, 양파, 고추, 마늘 ● 조리 방법 1. 팬에 호일을 깔고 설탕, 파슬리를 가득 뿌린다. 2. 닭가슴살은 얇게 포를 뜬다. 3. 올리브유, 고춧가루, 후추, 소금으로 간을 한다. 4. 그릴에 닭가슴살을 올리고 뚜껑을 닫아 훈제한다. 5. 올리브유, 소금, 후추로 간을 한 애호박과 양파, 고추를 굽는다. 6. 동그랗게 파낸 콜라비를 채소와 함께 굽는다. 8. 호일에 소금을 뿌려 연기를 더한다. 8. 구운 채소에 올리브유, 발사믹 드레싱을 넣어 섞는다. 9. 접시에 채소와 훈제 닭가슴살을 올리고 파슬리를 뿌려준다. 10. 다진 마늘을 섞은 발사믹 드레싱과 구운 콜라비를 올려 완성한다.
A69: <홍석천 - 나 혼자 쓰리볼> ● 재료 닭가슴살, 달걀, 크림소스, 페페론치노, 바질페스토, 훈제연어, 석류, 볶은 현미, 화이트와인, 소금, 후추, 청양고추, 마늘, 양파, 파르메산 치즈 ● 조리 방법 1. 물에 화이트와인을 넣고 끓인다. 2. 닭가슴살과 달걀 흰자, 크림소스, 소금, 후추를 믹서기에 넣고 간다. 3. 닭가슴살을 같은 양으로 3등분한다. 4. 3개로 나눈 닭가슴살에 각각 크림소스를 넣어준다. 5. 첫 번째 볼 : 닭가슴살 + 크림소스 + 바질페스토 6. 두 번째 볼 : 닭가슴살 + 크림소스 + 다진 청양고추, 페페론치노 7. 세 번째 볼 : 닭가슴살 + 크림소스 8. 숟가락을 이용해 닭가슴살을 완자 모양으로 만들어 끓는 물에 삶는다. 9. 마늘과 양파를 다져서 볶다가 완자 삶은 물을 넣어준다. 10. 10에 크림소스를 넣고 후추, 파르메산 치즈를 뿌린다. 11. 익은 완자를 건지고 크림소스 완자에 훈제연어를 두른다. 12. 크림소스 위에 세 종류의 완자를 올린다. 13. 석류와 볶은 현미를 올려 완성한다.
A70: <샘킴 - 연양만점> ● 재료 양배추, 감자, 훈제연어, 플레인 요거트, 발사믹 식초, 딸기, 소금, 대파, 양파, 레몬즙 ● 조리 방법 1. 채 썬 양배추에 소금으로 간을 한 후 볶아준다. 2. 감자, 대파, 양파를 채 썰어 물기를 뺀다. 3. 훈제연어를 랩에 싼 다음 두드려준다. 4. 플레인 요거트에 레몬즙, 다진 양파를 넣고 섞는다. 5. 발사믹 식초에 설탕을 넣고 졸인다. 6. 연어에 볶은 양배추를 올려 감싼 다음 모양을 잡아준다. 7. 요거트 소스에 레몬 껍질을 갈아 넣는다. 8. 접시에 요거트 소스를 깔고 연어쌈을 올린다. 9. 감자, 대파, 양파를 기름에 튀긴다. 10. 연어쌈 위에 튀긴 채소를 올리고 발사믹 소스를 뿌려준다. 11. 딸기에 발사믹 소스를 뿌려 같이 낸다. | K70: 냉장고를 부탁해 시즌 1, 18화
A71: <정창욱 - 의기양양> ● 재료 양배추, 훈제오리, 닭가슴살, 쯔유, 백김치, 달걀, 어린잎 채소, 밥, 양파, 대파, 버터, 마늘, 후추, 다진 생강 ● 조리 방법 1. 즉석밥을 전자레인지에 돌린다. 2. 양배추를 잘게 썰어 볶아준다. 3. 채 썬 양파, 파를 넣고 함께 볶는다. 4. 훈제오리를 잘게 썰어 버터와 함께 볶는다. 5. 4에 후추, 으깬 마늘을 넣어 볶는다. 6. 볶던 양배추에 닭가슴살을 넣어 함께 볶는다. 7. 후추와 쯔유를 넣어준다. 8. 다진 생강을 넣는다. 9. 체를 이용해 훈제오리의 기름을 걸러준다. 10. 백김치 국물을 넣어 훈제오리에 간을 한다. 11. 볶은 양배추와 닭가슴살에 달걀물을 넣고 살짝 익힌다. 12. 밥 위에 11을 올리고 훈제오리, 어린잎 채소를 올려 완성한다
A72: <이원일 - 감자봤수란> ● 재료 감자, 어린잎 채소, 매실액, 쯔유, 달걀, 마늘장아찌, 소금, 양파, 밀가루, 버터, 후추, 깨, 식초 ● 조리 방법 1. 강판을 이용해 감자를 채 썬다. 2. 채 썬 감자에 소금을 넣어 수분을 뺀다. 3. 얼음물에 어린잎 채소와 양파를 담가 둔다. 4. 감자를 손으로 짜 수분을 빼내고 밀가루를 넣어 섞어준다. 5. 채 썬 감자를 팬에 올려 굽는다. 6. 감자전에 버터를 넣어 굽는다. 7. 쯔유, 매실액, 후추, 으깬 깨를 함께 넣고 끓인다. 8. 끓는 물에 소금과 식초를 넣는다. 9. 물을 저어 회오리를 만든 후 달걀을 넣어 수란을 만든다. 10. 소스에 버터와 밀가루를 넣어 함께 끓인다. 11. 채소를 면포로 싼 다음 크게 휘둘러 물기를 뺀다. 12. 접시에 감자전, 채소, 수란, 잘게 썬 마늘장아찌를 올린다. 13. 소스를 따로 담아낸다.
A73: <김풍 - 미치고 팔닭> ● 재료 인절미, 닭가슴살 통조림, 조미료, 꿀, 다진 마늘, 양파, 후추, 간장 ● 조리 방법 1. 팬에 다진 마늘, 채 썬 양파를 넣어 볶는다. 2. 체를 이용해 인절미의 콩고물을 털어낸다. 3. 기름을 두른 팬에 인절미를 굽는다. 4. 양파에 후추, 간장, 조미료, 닭가슴살 통조림을 넣고 함께 볶는다. 5. 구운 인절미 위에 볶은 재료를 올리고 감싼다. 6. 접시에 구운 인절미를 올리고 콩고물, 꿀을 함께 낸다.
A74: <박준우 - 2연타> ● 재료 연어, 양배추, 옥수수 통조림, 매운 오리엔탈 소스, 고추장아찌, 방울토마토, 참치, 크림치즈, 소금, 후추, 레몬, 양파, 핫소스, 올리브유, 마요네즈 ● 조리 방법 1. 적당한 크기로 썬 연어에 소금, 후추 간을 한다. 2. 기름을 두른 팬에 연어의 겉면만 익힌다. 3. 양배추, 옥수수 통조림, 후추, 매운 오리엔탈 소스를 섞어 샐러드를 만든다. 4. 샐러드에 레몬즙을 넣어준다. 5. 양파는 잘게 썬 후 물에 담가 아린 맛을 뺀다. 6. 고추장아찌, 방울토마토, 연어를 다진다. 7. 다진 재료에 후추, 핫소스, 올리브유, 마요네즈를 섞어 준다. 8. 참치, 마요네즈, 크림치즈, 우유를 섞은 후 갈아서 소스를 만든다. 9. 겉만 익힌 연어를 적당한 크기로 썬다. 10. 접시에 샐러드를 깔고 연어 타타키를 올린 후 참치 소스를 뿌린다. 11. 원형 틀을 이용해 타타키를 담고 방울토마토와 청포도를 올려낸다. | K74: 냉장고를 부탁해 시즌 1, 19화
A75: <홍석천 - 홍런볼> ● 재료 연어, 양배추, 멸치볶음, 고추장아찌, 김자반, 유산균 음료, 딸기 요거트, 청포도, 레몬, 소금, 후추, 버터, 참기름, 올리브오일 ● 조리 방법 1. 연어를 얇게 썬다. 2. 레몬 껍질, 레몬즙, 소금, 후추를 섞은 소스에 연어를 절인다. 3. 멸치볶음을 버터에 볶는다. 4. 즉석밥에 멸치볶음, 다진 고추장아찌, 참기름을 넣어 섞는다. 5. 주먹밥을 만들어 김자반에 굴린다. 6. 양배추와 과일을 잘게 썰어 그릇에 담는다. 7. 유산균 음료, 딸기 요거트, 올리브 오일을 섞어 요거트 소스를 만든다. 8. 양배추와 과일에 요거트 소스를 섞는다. 9. 접시에 과일 샐러드를 깔고 주먹밥, 연어 세비체를 올린다. 10. 요거트 소스를 뿌려 완성한다.
A76: <미카엘 - 비어 쉬림프> ● 재료 새우, 달걀, 맥주, 양배추, 소금, 후추, 마늘, 밀가루, 당근, 올리브유, 식초, 레몬 ● 조리 방법 1. 새우는 물기를 제거하고 소금, 후추, 마늘을 넣어 재워둔다. 2. 달걀 노른자와 흰자를 분리해 흰자는 냉장고에 넣어둔다. 3. 노른자에 소금, 밀가루를 섞어 튀김옷을 만든다. 4. 튀김옷에 맥주를 넣고, 레몬껍질을 갈아 넣는다. 5. 양배추, 당근을 채썰고 소금, 올리브유, 식초로 양념해 샐러드를 만든다. 6. 냉장고에서 달걀 흰자를 꺼내 거품을 낸다. 7. 튀김옷에 거품을 낸 달걀 흰자를 넣어 접듯이 섞는다. 8. 새우에 튀김옷을 입혀 튀긴다. 9. 접시에 샐러드를 얹고 새우튀김과 레몬을 올려 완성한다.
A77: <최현석 - 치튀치튀뱅뱅> ● 재료 크림치즈, 오리엔탈 드레싱, 딸기잼, 딸기, 청포도, 버터, 토마토소스, 밀가루 ● 조리 방법 1. 크림치즈를 적당한 크기로 썬다. 2. 크림치즈를 둥글게 빚어 밀가루를 묻힌다. 3. 버터, 딸기, 토마토소스를 끓여 소스를 만든다. 4. 소스를 갈아 체에 거른다. 5. 소스에 딸기잼을 넣는다. 6. 다른 냄비에 오리엔탈 드레싱, 딸기잼을 섞은 후 갈아서 두 번째 소스를 만든다. 7. 밀가루에 물을 넣어 튀김옷을 만든 후 얼음을 넣는다. 8. 크림치즈에 튀김옷을 입혀 튀긴다. 9. 튀김 위에 반죽을 뿌려 눈꽃 모양을 만든다. 10. 청포도를 얇게 썬다. 11. 접시에 두 가지 소스, 크림치즈 튀김, 청포도를 올려 완성한다.
A78: <이원일 - 사우나 육국수> ● 재료 냉동만두, 페페론치노, 소주, 소고기 등심, 양송이버섯, 마카다미아, 곶감, 바닐라 아이스크림, 소면, 다진 생강, 다진 마늘, 양파, 대파, 고춧가루, 된장, 깻잎 ● 조리 방법 1. 물에 으깬 냉동만두, 생강즙, 다진 마늘, 소주를 넣고 끓여 육수를 낸다. 2. 다진 마늘, 양파, 대파, 고춧가루, 페페론치노를 함께 볶는다. 3. 2에 소주를 넣고 볶아 다진 양념을 만든다. 4. 다진 양념에 등심, 양송이버섯을 넣고 볶아준다. 5. 육수를 체에 거른 후 다진 양념에 부어 끓인다. 6. 국물에 된장, 다진 마늘을 넣어 끓인다. 7. 마카다미아를 잘게 부순다. 8. 넓게 펼친 곶감에 마카다미아를 놓고 말아준 다음 적당한 크기로 썬다. 9. 바닐라 아이스크림 위에 마카다미아 곶감말이를 올린다. 10. 소면을 삶은 후 찬물에 헹군다. 11. 소면 위에 육개장 국물을 붓고 깻잎을 올린 후 밥과 함께 낸다. | K78: 냉장고를 부탁해 시즌 1, 20화
A79: <이연복 - 완소짬뽕> ● 재료 낙지, 양송이버섯, 새우, 칼국수 면, 달걀, 고추, 양파, 마늘, 대파, 전분 ● 조리 방법 1. 낙지를 먹기 좋은 크기로 썬다. 2. 고추, 양송이버섯, 양파, 마늘, 대파 등 채소를 손질해 둔다. 3. 손질한 새우를 다진다. 4. 칼국수 면을 삶는다. 5. 고추와 대파에 간장을 넣어 볶는다. 6. 나머지 채소, 고춧가루를 넣고 볶다가 면수를 부어준다. 7. 6에 낙지를 넣어 함께 끓인다. 8. 새우, 전분, 달걀물을 섞어 반죽한다. 9. 새우 완자를 만들어 국물에 넣고 끓인다. 10. 칼국수 면을 건져 찬물→뜨거운물→찬물 순으로 헹구고 접시에 담는다. 11. 면에 짬뽕 국물을 부어 마무리한다.
A80: <홍석천 - 털업 샐러드> ● 재료 렌틸콩, 페페론치노, 주꾸미, 새우, 요거트, 메이플 시럽, 된장, 양파, 당근, 청양고추, 버터, 마늘, 고춧가루, 레몬즙, 마르메산 치즈, 레몬 ● 조리 방법 1. 물에 된장을 풀어 육수를 낸다. 2. 양파, 당근을 다져서 팬에 볶는다. 3. 볶던 채소에 된장 육수를 부어 졸인다. 4. 3에 불려놓은 렌틸콩을 넣어 졸인다. 5. 페페론치노, 청양고추를 넣어준다. 6. 버터에 마늘을 다져 넣어 마늘버터를 만든다. 7. 주꾸미, 새우를 손질해 마늘버터에 넣고 고춧가루로 간을 한다. 8. 주꾸미와 새우에 레몬즙을 뿌려준다. 9. 렌틸콩에 파르메산 치즈를 뿌린다. 10. 요거트에 메이플 시럽, 레몬즙, 레몬껍질을 섞어 소스를 만든다. 11. 렌틸콩 위에 주꾸미, 새우를 올린 다음 요거트 소스를 담아낸다.
A81: <정창욱 - 하우 두 유두?> ● 재료 두부, 소고기 등심, 양송이버섯, 달걀, 레드페퍼, 소금, 후추, 국수장국, 맛술, 식초, 다진생강, 대파, 전분, 밀가루, 양파, 버터, 케첩, 돈가스 소스, 설탕 ● 조리 방법 1. 면포를 이용해 두부의 물기를 뺀다. 2. 잘게 썬 소고기 등심에 소금, 후추 간을 하고 믹서에 간다. 3. 2에 양송이버섯을 넣고 함께 간다. 4. 국수장국, 맛술, 식초, 다진 생강을 넣어 소스를 만든다. 5. 소스에 대파를 넣어 끓인다. 6. 소스에 전분물을 풀어 넣는다. 7. 두부, 소고기, 버섯, 달걀을 섞어 반죽한다. 8. 반죽을 동그랗게 빚어 밀가루를 묻힌 후 팬에 굽는다. 9. 다진 양파에 버터를 넣고 볶아준다. 10. 양파에 케첩, 돈가스 소스, 설탕을 넣어 두 번째 소스를 만든다. 11. 레드페퍼를 넣어 끓인다. 12. 두부 스테이크에 간장 소스, 케첩 소스를 뿌려 낸다.
A82: <김풍 - 치즈 듬풍 토스트> ● 재료 호두, 식빵, 체다 치즈, 모차렐라 치즈, 설탕, 소금 ● 조리 방법 1. 설탕에 물을 넣고 끓여 시럽을 만든다. 2. 시럽에 호두를 넣어 졸인다. 3. 버터를 두른 팬에 소금을 뿌린 후 식빵을 굽는다. 4. 식빵 위에 체다 치즈 > 모차렐라 치즈 순서로 얹어준다. 5. 치즈 위에 시럽에 졸인 호두를 올린다. 6. 호두 위에 체다 치즈를 올리고, 구운 식빵을 덮어 치즈를 녹인다. 7. 식빵을 반으로 자른 다음 접시에 올려 낸다. | K82: 냉장고를 부탁해 시즌 1, 21화
A83: <샘킴 - 샘 앤 치즈 그라탱> ● 재료 감자, 마카로니, 우유, 모차렐라 치즈, 체다 치즈, 소금, 버터, 밀가루, 양파 ● 조리 방법 1. 감자를 얇게 썰어 소금을 넣고 삶는다. 2. 마카로니에 소금을 넣고 삶는다. 3. 버터에 밀가루를 넣고 볶다가 우유, 소금을 넣어 끓인다. 4. 3에 모차렐라 치즈와 체다 치즈를 넣어 끓인다. 5. 삶은 감자에 버터, 소금, 후추, 치즈 소스를 넣고 으깬다. 6. 양파를 볶는다. 7. 볶던 양파에 삶은 마카로니, 버터, 후추를 넣고 함께 볶는다. 8. 7에 치즈 소스와 체다 치즈를 넣어준다. 9. 그릇에 볶은 마카로니를 넣고 후추를 뿌려준다. 10. 마카로니 위에 으깬 감자를 얹고 토치로 표면을 익혀 낸다.
A84: <미카엘 - 베리베리 러블리걸> ● 재료 마카로니, 블루베리, 우유, 달걀, 호두, 키위, 석류, 소금, 설탕, 버터 ● 조리 방법 1. 끓는 물에 마카로니와 소금을 넣어 삶는다. 2. 블루베리에 설탕을 부어 졸인다. 3. 우유를 따뜻하게 데운다. 4. 데운 우유에 설탕, 달걀, 버터를 넣어 섞는다. 5. 삶은 마카로니를 건져 찬물에 헹군 후, 버터를 넣고 볶는다. 6. 그릇에 버터를 바른다. 7. 호두를 잘게 다진다. 8. 그릇에 마카로니, 다진 호두, 달걀을 섞은 우유를 넣어준다. 9. 7을 전자레인지에 넣어 익힌다. 10. 접시에 마카로니, 키위, 블루베리, 석류를 올려서 완성한다.
A85: <박준우 - LOL : The love of your life> ● 재료 감자, 우유, 만두, 불고기, 식빵, 부추, 복분자 원액, 석류, 강황 가루, 소금, 버터, 올리브오일, 설탕 ● 조리 방법 1. 감자를 잘게 자른다. 2. 끓는 물에 소금을 넣고 감자를 삶는다. 3. 삶은 감자에 우유와 소금을 넣고 끓인다. 4. 버터를 두른 팬에 만두소와 불고기를 볶는다. 5. 식빵의 가장자리를 자르고 밀대로 밀어 얇게 편다. 6. 식빵에 볶은 고기를 넣고 말아서 팬에 굽는다. 7. 부추와 올리브오일을 믹서에 넣고 갈아 부추오일을 만든다. 8. 복분자 원액, 설탕, 석류즙을 넣고 끓여 소스를 만든다. 9. 만두피를 튀긴다. 10. 감자에 강황 가루를 넣고 블렌더로 갈아준다. 11. 10에 우유와 버터를 넣어 함께 간다. 12. 불고기롤에 복분자 소스를 바른다. 13. 접시에 감자 퓌레, 불고기롤, 부추오일, 튀긴 만두피를 올려서 완성한다.
A86: <정창욱 - 순결한 튀김> ● 재료 소고기 안심, 사과, 블루 치즈, 태국고추, 멸치액젓, 마카다미아, 레몬청, 양상추, 소금, 후추, 청양고추, 식초, 레몬즙, 설탕, 다진 마늘, 파 ● 조리 방법 1. 소고기 안심을 반으로 갈라 넓게 편다. 2. 소고기 안심에 소금, 후추로 간을 한다. 3. 사과를 다진다. 4. 넓게 편 소고기 안심에 사과와 블루 치즈를 넣어 말아준다. 5. 안심롤에 밀가루>달걀물>빵가루 순서로 튀김옷을 입힌다. 6. 안심롤을 기름에 튀긴다. 7. 튀긴 안심롤을 전자레인지에 넣어 속까지 익힌다. 8. 청양고추, 태국고추, 멸치액젓, 식초, 레몬즙, 설탕, 다진 마늘, 다진 파를 섞어 소스를 만든다. 9. 8에 다진 마카다미아와 레몬청을 넣어 소스를 완성한다. 10. 양상추 위에 안심롤을 올리고 후추를 뿌린 후 소스와 함께 낸다. | K86: 냉장고를 부탁해 시즌 1, 22화
A87: <이연복 - 고기 차이나> ● 재료 닭가슴살, 달걀, 채끝살, 청경채, 파프리카, 굴소스, 양상추, 감자 전분, 밀가루, 식용유, 양파, 대파, 마늘, 간장, 설탕, 식초, 레몬즙, 다진 마늘 ● 조리 방법 1. 닭가슴살을 적당한 크기로 썬다. 2. 감자 전분, 밀가루, 물을 섞어 튀김 반죽을 만든다. 3. 반죽에 달걀물과 식용유를 넣는다. 4. 닭가슴살에 반죽을 입혀 튀긴다. 5. 채끝살을 감자 전분, 달걀물과 섞어 기름에 볶는다. 6. 볶은 채끝살을 체에 받쳐 기름기를 뺀다. 7. 청경채, 파프리카, 양파, 대파, 마늘을 볶는다. 8. 7에 간장과 굴소스를 넣는다. 9. 채소에 볶은 채끝살을 넣어 함께 볶는다. 10. 튀긴 닭가슴살을 체에 받쳐 기름기를 뺀다. 11. 간장, 설탕, 식초, 레몬즙, 다진 마늘을 섞어 소스를 만든다. 12. 소스에 다진 파를 넣어 준다. 13. 양상추, 양파 위에 튀긴 닭가슴살을 얹고 소스와 함께 낸다.
A88: <김풍 - 힘을 내요 슈퍼 나베> ● 재료 사골 육수, 양지머리, 양배추, 송화 버섯, 청경채, 소면, 팽이 버섯, 소고기 안심, 깻잎, 달걀, 된장, 마늘, 대파, 국간장 ● 조리 방법 1. 사골 육수에 된장을 풀어 끓인다 2. 체를 받치고 마늘, 대파, 양지머리를 넣어 고기 육수를 낸다. 3. 국물에 양배추, 송화 버섯, 청경채를 넣어 끓인다. 4. 소면을 삶아 찬물에 헹군다. 5. 국간장으로 간을 한 후 팽이버섯을 넣는다. 6. 얇게 썬 소고기 안심, 깻잎을 넣는다. 7. 소면을 넣는다. 8. 달걀 노른자와 간장을 섞은 소스를 곁들여 낸다.
A89: <미카엘 - 소테미너> ● 재료 방울 양배추, 콜리플라워, 파프리카, 브로콜리, 살치살, 소금, 버터, 마늘, 양파, 후추 ● 조리 방법 1. 적은 양의 물에 방울 양배추, 콜리플라워, 파프리카, 브로콜리를 넣고 뚜껑을 닫아 익힌다. 2. 채소에 소금, 버터, 으깬 마늘을 넣어준다. 3. 양파에 밀가루를 묻혀 튀긴다. 4. 살치살에 소금, 후추 간을 해서 굽는다. 5. 구운 살치살, 튀긴 양파, 소테한 채소를 함께 낸다.
A90: <이원일 - 초코 모찌 맛있찌> ● 재료 초코 비스킷, 쑥떡, 달걀, 커피 음료, 믹스커피, 커피 우유, 냉동 블루베리, 딸기, 아이스크림, 버터, 소금, 밀가루, 설탕 ● 조리 방법 1. 초코 비스킷을 으깨어 버터와 섞은 후 전자레인지에 넣어 녹인다. 2. 녹인 초코 비스킷에 소금을 살짝 넣어준다. 3. 원형 틀 안에 초코 비스킷을 깔고 잘게 썬 쑥떡을 얹어 케이크 시트를 만든다. 4. 케이크 시트를 냉동실에 넣어 둔다. 5. 달걀 노른자에 커피 음료, 믹스커피, 밀가루, 설탕을 넣고 섞는다. 6. 5에 버터를 넣고 끓여 모카 크림을 만든다. 7. 모카 크림에 커피 우유를 넣어준다. 8. 모카 크림을 체에 거른다. 9. 얼음물 위에서 모카 크림을 식힌다. 10. 냉동 블루베리를 설탕에 졸인다. 11. 냉동실에서 케이크 시트를 꺼낸 후 아이스크림을 올린다. 12. 11에 모카 크림을 부어준다. 13. 케이크 위에 딸기를 올리고 블루베리 소스를 뿌려 장식한다. | K90: 냉장고를 부탁해 시즌 1, 23화
A91: <최현석 - 수플레가 머랭?> ● 재료 초콜릿, 달걀, 커피 우유, 냉동 블루베리, 설탕, 전분 ● 조리 방법 1. 초콜릿은 중탕한다. 2. 달걀 흰자를 분리해 설탕을 넣고 거품을 낸다. 3. 수플레 컵에 버터와 설탕을 바른다. 4. 중탕한 초콜릿에 커피 우유를 넣는다. 5. 머랭에 녹인 초콜릿을 섞는다. 6. 수플레 컵에 반죽을 반 정도 담는다. 7. 6에 블루베리를 올리고 나머지 반죽을 담는다. 8. 오븐에 넣고 익힌다. 9. 설탕과 전분을 믹서에 넣고 갈아준다. 10. 수플레 위에 슈거파우더를 뿌려 완성한다.
A92: <박준우 - 그.레.요 (그대를 위한 레토르트 요리)> ● 재료 토마토 소스, 참치 통조림, 건자두, 레드 와인, 달걀, 햄 통조림, 옥수수 수프 분말, 데친 브로콜리, 버터, 양파, 즉석밥, 레드 와인, 설탕, 밀가루, 빵가루, 파르메산 치즈, 후추 ● 조리 방법 1. 버터를 두른 팬에 양파를 볶는다. 2. 볶던 양파에 즉석밥, 토마토 소스를 넣고 함께 볶는다. 3. 2에 기름을 뺀 참치, 파르메산 치즈를 넣고 볶는다. 4. 버터를 두른 냄비에 건자두를 볶다가 레드 와인, 설탕을 넣어 졸인다. 5. 햄을 으깬 후 달걀, 밀가루와 섞는다. 6. 햄 반죽 안에 참치를 넣어 동그랗게 빚는다. 7. 6에 밀가루>달걀물>빵가루 순으로 튀김옷을 입혀 튀긴다. 8. 물에 옥수수 수프 분말을 넣고 끓이다 파르메산 치즈, 후추를 넣어 소스를 만든다. 9. 토마토 리소토 위에 옥수수 수프 소스를 뿌린다. 10. 9에 햄 튀김을 올리고 건자두, 데친 브로콜리를 올려 완성한다.
A93: <홍석천 - 수픈데 오믈렛> ● 재료 달걀, 햄 통조림, 참치 통조림, 데친 브로콜리, 머스터드 소스, 옥수수 수프 분말, 스위트 칠리 소스, 레몬, 소금, 후추, 버터, 올리브유, 설탕 ● 조리 방법 1. 달걀 노른자와 흰자를 분리한다. 2. 노른자에 레몬 껍질, 레몬즙을 넣고 소금, 후추 간을 한다. 3. 노른자를 체에 거른다. 4. 흰자는 거품을 낸다. 5. 노른자에 잘게 자른 햄, 흰자 거품을 넣고 섞는다. 6. 팬에 버터를 녹인 후 오믈렛 재료를 담는다. 7. 6을 오븐에 넣어 익힌다. 8. 참치와 데친 브로콜리를 섞어 샐러드를 만든다. 9. 머스터드 소스, 올리브유, 레몬즙, 설탕을 섞어 소스를 만든 후 샐러드와 섞는다. 10. 물에 옥수수 수프 분말을 넣고 끓이다 후추 간을 한다. 11. 옥수수 수프에 스위트 칠리 소스, 레몬즙을 섞어 소스를 만든다. 12. 접시에 샐러드와 오믈렛을 담고 옥수수 수프 소스를 뿌려 완성한다.
A94: <박준우 - 빠리송로> ● 재료 치킨 스톡, 두부, 느타리버섯, 트러플 소스, 우유, 트러플 오일, 당근, 버터, 양파 ● 조리 방법 1. 물에 치킨 스톡, 당근을 넣어 끓인다. 2. 두부의 물기를 제거하고 4등분 한다. 3. 기름에 두부를 살짝 튀긴다. 4. 버터, 느타리버섯, 양파를 함께 볶다가 소금, 후추, 다진 생강을 넣는다. 5. 두부의 속을 파낸다. 6. 볶은 버섯을 잘게 다진다. 7. 두부에 다진 버섯, 트러플 소스를 넣어 속을 채운다. 8. 냄비에 체를 밭쳐 육수를 걸러낸다. 9. 당근을 핸드 블렌더로 갈아 준다. 10. 9에 육수, 우유를 넣고 갈아 당근 퓌레를 만든다. 11. 접시에 당근 퓌레와 속을 채운 두부를 올리고 트러플 소스를 올린다. 12. 트러플 오일을 뿌려 완성한다. | K94: 냉장고를 부탁해 시즌 1, 24화
A95: <샘킴 - 머라노> ● 재료 표고버섯, 느타리버섯, 그라나파다노 치즈, 올리브 오일, 양파, 당근, 올리브 오일, 마늘, 즉석밥, 버터, 소금, 후추 ● 조리 방법 1. 표고버섯을 따뜻한 물에 넣어 우린다. 2. 양파, 당근을 큼직하게 썰어 소금을 넣고 볶는다. 3. 2에 물을 붓고 끓여 채소 육수를 낸다. 4. 올리브 오일을 두른 팬에 마늘과 표고버섯, 느타리버섯을 넣고 볶는다. 5. 버섯에 즉석밥을 넣고 함께 볶는다. 6. 5에 표고버섯을 우린 물과 채소 육수를 부어가며 리소토를 만든다. 7. 리소토에 그라나파다노 치즈를 갈아 넣는다. 8. 버터를 두른 팬에 느타리버섯을 볶는다. 9. 접시에 리소토를 담고 치즈를 갈아 올린 후, 볶은 느타리버섯을 올린다. 10. 리소토에 후추를 뿌려 완성한다.
A96: <미카엘 - 파프리콘> ● 재료 파프리카, 토마토 통조림, 파슬리, 바질페스토, 페타 치즈, 옥수수, 블랙 올리브, 마늘, 소금, 후추, 올리브 오일, 밀가루 ● 조리 방법 1. 파프리카의 껍질을 태운다. 2. 믹서기에 토마토 통조림, 마늘, 고추, 파슬리, 바질페스토, 소금, 후추, 올리브 오일을 넣고 간다. 3. 페타 치즈와 옥수수를 섞는다. 4. 파프리카의 껍질을 벗긴다. 5. 파프리카에 페타 치즈와 옥수수 섞은 것을 넣어 속을 채운다. 6. 5에 밀가루를 묻혀 굽는다. 7. 파프리카에 토마토 소스를 부어 함께 끓인다. 8. 토마토 소스에 옥수수를 넣고 볶아준다. 9. 접시에 속을 채운 파프리카를 놓고 생 파프리카, 블랙 올리브를 올린다. 10. 옥수수를 넣어 볶은 토마토 소스와 파슬리를 올려 완성한다.
A97: <정창욱 - 섬섬옥수수> ● 재료 옥수수, 리코타 치즈, 치킨 스톡, 우유, 해바라기씨, 트러플 오일, 그라나파다노 치즈, 버터, 마늘, 양파, 소금, 후추, 밀가루, 설탕 ● 조리 방법 1. 버터를 두른 팬에 으깬 마늘, 다진 양파, 소금을 넣고 볶는다. 2. 볶던 양파에 옥수수를 넣어 함께 볶는다. 3. 우유에 리코타 치즈를 넣고 끓인다. 4. 3에 치킨 스톡을 넣는다. 5. 치킨 스톡과 치즈를 넣고 끓인 우유를 옥수수에 부어 함께 끓인다. 6. 5를 믹서에 넣고 갈아준다. 7. 옥수수 수프에 버터, 소금, 후추를 넣는다. 8. 밀가루, 설탕, 우유, 달걀, 소금을 섞어 튀김 반죽을 만든다. 9. 반죽에 해바라기씨, 옥수수를 넣은 후 트러플 오일을 섞어 준다. 10. 반죽을 한 숟가락씩 덜어 기름에 튀긴다. 11. 옥수수 수프 위에 옥수수 튀김을 올리고 그라나파다노 치즈를 갈아 올린다.
A98: <최현석 - 스푼 파스타> ● 재료 밴댕이, 갑오징어 알, 새우, 키조개 관자, 카망베르 치즈, 올리브 오일, 다진 마늘, 후추 ● 조리 방법 1. 물에 밴댕이를 넣고 끓여 육수를 낸다. 2. 파스타면을 펼치지 않고 한데 모아 삶는다. 3. 살짝 익은 면을 찬물에 헹군 뒤 잘게 썬다. 4. 갑오징어 알, 새우, 키조개 관자를 손질한다. 5. 팬에 올리브 오일을 두르고다진 마늘, 갑오징어 알, 새우, 키조개 관자를 함께 볶는다. 6. 5에 올리브유를 한 번 더 두르고, 후추로 간을 한다. 7. 밴댕이 육수를 부어준 다음, 잘게 썬 파스타면을 넣어 익힌다. 8. 잘게 썬 파스타면을 넣어 익힌다. 9. 파스타에 카망베르 치즈를 잘게 썰어 넣는다. 10. 접시에 파스타를 담아낸다. | K98: 냉장고를 부탁해 시즌 1, 25화
A99: <이연복 - 연복쌈> ● 재료 전복, 돼지고기, 애호박, 오이, 춘장, 전복소스, 양파, 밀가루, 소금, 참기름, 올리브 오일, 대파 ● 조리 방법 1. 끓는 물에 전복을 삶는다. 2. 돼지고기를 가늘게 썬다. 3. 양파, 애호박을 잘게 썬다. 4. 대파와 오이를 채 썰어 접시에 담아둔다. 5. 밀가루에 소금을 넣고 뜨거운 물을 부어가며 춘빙 반죽을 만든다. 6. 춘빙 반죽을 적당한 크기로 떼어 납작하게 누른 후 한쪽 면에 참기름을 바른다. 7. 참기름을 바른 쪽이 서로 마주보도록 춘빙 반죽을 두 개 합친 후 밀대로 얇게 민다. 8. 삶은 전복을 얇게 채 썬다. 9. 기름을 두른 팬에 손질해 둔 양파, 애호박, 돼지고기, 전복을 넣고 볶는다. 10. 9에 춘장, 전복소스, 올리브 오일을 넣어 볶는다. 11. 팬에 춘빙 반죽을 굽는다. 12. 구운 춘빙 반죽을 바닥에 강하게 내리쳐 두 장으로 분리한다. 13. 채썬 대파, 오이를 담아 놓은 접시에 춘빙을 접어 낸다. 14. 다른 접시에 볶은 돼지고기와 전복을 얹어 낸다.
A100: <김풍 - 갈갈이 풍면> ● 재료 황태채, 새우가루, 홍합가루, 토마토, 할라피뇨, 매실 장아찌, 마늘 장아찌, 매실액, 삼겹살, 엔젤헤어, 고춧가루, 올리브 오일, 후추 ● 조리 방법 1. 믹서에 황태채, 새우가루, 홍합가루, 고춧가루를 넣고 간다. 2. 1에 토마토, 할라피뇨, 매실 장아찌, 마늘 장아찌, 매실액, 올리브 오일을 넣고 간다. 3. 삼겹살에 후추 간을 해서 굽는다. 4. 엔젤헤어를 삶는다. 5. 면을 건져 찬물에 헹군다. 6. 접시에 적당한 크기로 자른 삼겹살을 얹는다. 7. 6에 면, 토마토 소스를 올려 완성한다.
...

Sheet ingredient
A1: recipe_title | B1: ingredients_raw
A2: =recipe!C2 -> 치킨 밀푀유 | B2: =IFERROR(__xludf.DUMMYFUNCTION("TRIM( REGEXEXTRACT( raw!A2, ""(?s)●\s*재료(.*)●\s*조리 방법"" ) ) "),"닭가슴살, 슬라이스햄, 양파, 양배추, 파프리카, 바게트, 다진마늘, 크림소스, 우유, 통후추, 소금, 토마토소스") -> 닭가슴살, 슬라이스햄, 양파, 양배추, 파프리카, 바게트, 다진마늘, 크림소스, 우유, 통후추, 소금, 토마토소스
A3: =recipe!C3 -> 취닭거리 | B3: =IFERROR(__xludf.DUMMYFUNCTION("TRIM( REGEXEXTRACT( raw!A3, ""(?s)●\s*재료(.*)●\s*조리 방법"" ) ) "),"닭죽, 라조장, 취두부, 족발, 버터") -> 닭죽, 라조장, 취두부, 족발, 버터
A4: =recipe!C4 -> 닭딸 | B4: =IFERROR(__xludf.DUMMYFUNCTION("TRIM( REGEXEXTRACT( raw!A4, ""(?s)●\s*재료(.*)●\s*조리 방법"" ) ) "),"복분자, 바게트, 닭가슴살, 우유, 레몬즙, 소금, 후추, 마늘") -> 복분자, 바게트, 닭가슴살, 우유, 레몬즙, 소금, 후추, 마늘
A5: =recipe!C5 -> 어머니 맛 풍족밥 | B5: =IFERROR(__xludf.DUMMYFUNCTION("TRIM( REGEXEXTRACT( raw!A5, ""(?s)●\s*재료(.*)●\s*조리 방법"" ) ) "),"치킨, 족발, 두반장, 라조장, 유자청, 밀가루, 밥") -> 치킨, 족발, 두반장, 라조장, 유자청, 밀가루, 밥
A6: =recipe!C6 -> 치킨 요로케 | B6: =IFERROR(__xludf.DUMMYFUNCTION("TRIM( REGEXEXTRACT( raw!A6, ""(?s)●\s*재료(.*)●\s*조리 방법"" ) ) "),"닭가슴살, 소금, 후추, 밀가루, 양파, 햄, 토마토 소스, 파마산 치즈, 모짜렐라 치츠, 올리브유") -> 닭가슴살, 소금, 후추, 밀가루, 양파, 햄, 토마토 소스, 파마산 치즈, 모짜렐라 치츠, 올리브유
A7: =recipe!C7 -> 포크 미트볼 | B7: =IFERROR(__xludf.DUMMYFUNCTION("TRIM( REGEXEXTRACT( raw!A7, ""(?s)●\s*재료(.*)●\s*조리 방법"" ) ) "),"김치, 달걀, 햄, 밥") -> 김치, 달걀, 햄, 밥
A8: =recipe!C8 -> 만두부인 육수터졌네 | B8: =IFERROR(__xludf.DUMMYFUNCTION("TRIM( REGEXEXTRACT( raw!A8, ""(?s)●\s*재료(.*)●\s*조리 방법"" ) ) "),"냉동만두, 사골육수, 토마토, 발사믹 소스, 버터, 다진마늘, 고추냉이, 올리브오일, 프로슈토햄, 그뤼에르 치즈") -> 냉동만두, 사골육수, 토마토, 발사믹 소스, 버터, 다진마늘, 고추냉이, 올리브오일, 프로슈토햄, 그뤼에르 치즈
A9: =recipe!C9 -> 심쿵 오믈렛 | B9: =IFERROR(__xludf.DUMMYFUNCTION("TRIM( REGEXEXTRACT( raw!A9, ""(?s)●\s*재료(.*)●\s*조리 방법"" ) ) "),"달걀, 연어, 양파잼, 버터, 브로콜리, 소금, 후추, 케찹") -> 달걀, 연어, 양파잼, 버터, 브로콜리, 소금, 후추, 케찹
A10: =recipe!C10 -> 엔초비 파스타 | B10: =IFERROR(__xludf.DUMMYFUNCTION("TRIM( REGEXEXTRACT( raw!A10, ""(?s)●\s*재료(.*)●\s*조리 방법"" ) ) "),"파스타면, 바게트빵, 올리브오일, 파슬리, 다진마늘, 애호박, 페페로치노, 엔초비") -> 파스타면, 바게트빵, 올리브오일, 파슬리, 다진마늘, 애호박, 페페로치노, 엔초비
A11: =recipe!C11 -> 고기와 썸타는 떡국떡 삼합 | B11: =IFERROR(__xludf.DUMMYFUNCTION("TRIM( REGEXEXTRACT( raw!A11, ""(?s)●\s*재료(.*)●\s*조리 방법"" ) ) "),"맥주, 삼겹살, 김치, 케찹, 고추장, 방울토마토, 떡국떡, 올리브오일") -> 맥주, 삼겹살, 김치, 케찹, 고추장, 방울토마토, 떡국떡, 올리브오일
A12: =recipe!C12 -> 와닭 | B12: =IFERROR(__xludf.DUMMYFUNCTION("TRIM( REGEXEXTRACT( raw!A12, ""(?s)●\s*재료(.*)●\s*조리 방법"" ) ) "),"생닭, 마늘, 양파, 아티초크, 토마토 소스, 적포도, 사골육수") -> 생닭, 마늘, 양파, 아티초크, 토마토 소스, 적포도, 사골육수
A13: =recipe!C13 -> 브로콜리 치킨 | B13: =IFERROR(__xludf.DUMMYFUNCTION("TRIM( REGEXEXTRACT( raw!A13, ""(?s)●\s*재료(.*)●\s*조리 방법"" ) ) "),"닭가슴살, 브로콜리, 슬라이스 치즈, 파프리카, 방울토마토, 버터, 소금, 후추") -> 닭가슴살, 브로콜리, 슬라이스 치즈, 파프리카, 방울토마토, 버터, 소금, 후추
A14: =recipe!C14 -> 삼겹살 플레이트 | B14: =IFERROR(__xludf.DUMMYFUNCTION("TRIM( REGEXEXTRACT( raw!A14, ""(?s)●\s*재료(.*)●\s*조리 방법"" ) ) "),"삼겹살, 양파, 알배추, 밥, 버터, 통마늘, 간장, 미림, 청주, 커피가루, 다진 마늘, 다진 생강") -> 삼겹살, 양파, 알배추, 밥, 버터, 통마늘, 간장, 미림, 청주, 커피가루, 다진 마늘, 다진 생강
A15: =recipe!C15 -> 강남비빔면 | B15: =IFERROR(__xludf.DUMMYFUNCTION("TRIM( REGEXEXTRACT( raw!A15, ""(?s)●\s*재료(.*)●\s*조리 방법"" ) ) "),"생칼국수면, 삼겹살, 새우젓, 고추장, 딸기잼, 참기름, 고추냉이") -> 생칼국수면, 삼겹살, 새우젓, 고추장, 딸기잼, 참기름, 고추냉이
A16: =recipe!C16 -> 나 또 브리또 | B16: =IFERROR(__xludf.DUMMYFUNCTION("TRIM( REGEXEXTRACT( raw!A16, ""(?s)●\s*재료(.*)●\s*조리 방법"" ) ) "),"냉동새우 볶음밥, 소고기, 간장, 미림, 다진 마늘, 후추, 대파, 타이 칠리소스, 낫토, 버터, 플레인 요거트, 레몬즙") -> 냉동새우 볶음밥, 소고기, 간장, 미림, 다진 마늘, 후추, 대파, 타이 칠리소스, 낫토, 버터, 플레인 요거트, 레몬즙
A17: =recipe!C17 -> 갸루상 케이크 | B17: =IFERROR(__xludf.DUMMYFUNCTION("TRIM( REGEXEXTRACT( raw!A17, ""(?s)●\s*재료(.*)●\s*조리 방법"" ) ) "),"또띠아, 달걀, 설탕, 우유, 바닐라 아이스크림, 밀가루, 딸기") -> 또띠아, 달걀, 설탕, 우유, 바닐라 아이스크림, 밀가루, 딸기
A18: =recipe!C18 -> PLETKA | B18: =IFERROR(__xludf.DUMMYFUNCTION("TRIM( REGEXEXTRACT( raw!A18, ""(?s)●\s*재료(.*)●\s*조리 방법"" ) ) "),"돼지고기 안심, 베이컨, 김치, 밥, 당근, 양파, 소주, 부추") -> 돼지고기 안심, 베이컨, 김치, 밥, 당근, 양파, 소주, 부추
A19: =recipe!C19 -> 다 줄게라면 | B19: =IFERROR(__xludf.DUMMYFUNCTION("TRIM( REGEXEXTRACT( raw!A19, ""(?s)●\s*재료(.*)●\s*조리 방법"" ) ) "),"삼겹살, 복분자주, 김치, 어묵 통조림, 알배추, 라면, 매운 미소소스") -> 삼겹살, 복분자주, 김치, 어묵 통조림, 알배추, 라면, 매운 미소소스
A20: =recipe!C20 -> 우리집에 오.새.요 | B20: =IFERROR(__xludf.DUMMYFUNCTION("TRIM( REGEXEXTRACT( raw!A20, ""(?s)●\s*재료(.*)●\s*조리 방법"" ) ) "),"청주, 미림, 양조간장, 국수장국, 오징어, 칵테일 새우, 다진 마늘, 당근, 양파, 박력분, 전분, 얼음, 대파, 무") -> 청주, 미림, 양조간장, 국수장국, 오징어, 칵테일 새우, 다진 마늘, 당근, 양파, 박력분, 전분, 얼음, 대파, 무
A21: =recipe!C21 -> Mr.콩chu~♥ | B21: =IFERROR(__xludf.DUMMYFUNCTION("TRIM( REGEXEXTRACT( raw!A21, ""(?s)●\s*재료(.*)●\s*조리 방법"" ) ) "),"버터, 밀가루, 두유, 두부, 전분, 계피맛 쿠키, 설탕, 초콜릿") -> 버터, 밀가루, 두유, 두부, 전분, 계피맛 쿠키, 설탕, 초콜릿
A22: =recipe!C22 -> For덕 | B22: =IFERROR(__xludf.DUMMYFUNCTION("TRIM( REGEXEXTRACT( raw!A22, ""(?s)●\s*재료(.*)●\s*조리 방법"" ) ) "),"가지, 계란흰자 통조림, 토마토, 파프리카, 고추장아찌, 토마토 소스, 올리브유, 소금, 후추") -> 가지, 계란흰자 통조림, 토마토, 파프리카, 고추장아찌, 토마토 소스, 올리브유, 소금, 후추
A23: =recipe!C23 -> 프로틴 스틱 | B23: =IFERROR(__xludf.DUMMYFUNCTION("TRIM( REGEXEXTRACT( raw!A23, ""(?s)●\s*재료(.*)●\s*조리 방법"" ) ) "),"계란흰자 통조림, 닭가슴살, 파프리카, 양파, 당근, 사과, 견과류, 대파, 식초, 올리브유") -> 계란흰자 통조림, 닭가슴살, 파프리카, 양파, 당근, 사과, 견과류, 대파, 식초, 올리브유
A24: =recipe!C24 -> 불닭 소시지 | B24: =IFERROR(__xludf.DUMMYFUNCTION("TRIM( REGEXEXTRACT( raw!A24, ""(?s)●\s*재료(.*)●\s*조리 방법"" ) ) "),"소시지, 매운라면 소스, 당면라면, 청양고추, 상추") -> 소시지, 매운라면 소스, 당면라면, 청양고추, 상추
A25: =recipe!C25 -> 매우면 참치 & 쏘루아밀크 | B25: =IFERROR(__xludf.DUMMYFUNCTION("TRIM( REGEXEXTRACT( raw!A25, ""(?s)●\s*재료(.*)●\s*조리 방법"" ) ) "),"참치, 식빵, 토마토, 버터, 고춧가루, 소금, 소주, 인스턴트 커피, 흰우유") -> 참치, 식빵, 토마토, 버터, 고춧가루, 소금, 소주, 인스턴트 커피, 흰우유
A26: =recipe!C26 -> 삼층돈탑 | B26: =IFERROR(__xludf.DUMMYFUNCTION("TRIM( REGEXEXTRACT( raw!A26, ""(?s)●\s*재료(.*)●\s*조리 방법"" ) ) "),"알배추, 대파, 목살, 다진 고추 장아찌, 설탕, 스테이크 소스, 올리고당") -> 알배추, 대파, 목살, 다진 고추 장아찌, 설탕, 스테이크 소스, 올리고당
A27: =recipe!C27 -> 엠티 오후의 라면 | B27: =IFERROR(__xludf.DUMMYFUNCTION("TRIM( REGEXEXTRACT( raw!A27, ""(?s)●\s*재료(.*)●\s*조리 방법"" ) ) "),"라면, 밀가루, 쇠고기 스프, 오징어, 계란") -> 라면, 밀가루, 쇠고기 스프, 오징어, 계란
A28: =recipe!C28 -> 봉선아 시집가자미 | B28: =IFERROR(__xludf.DUMMYFUNCTION("TRIM( REGEXEXTRACT( raw!A28, ""(?s)●\s*재료(.*)●\s*조리 방법"" ) ) "),"가자미, 양송이 버섯, 복분자 엑기스, 대파, 소금, 후추, 밀가루, 화이트 와인, 버터") -> 가자미, 양송이 버섯, 복분자 엑기스, 대파, 소금, 후추, 밀가루, 화이트 와인, 버터
A29: =recipe!C29 -> 스키니 신 | B29: =IFERROR(__xludf.DUMMYFUNCTION("TRIM( REGEXEXTRACT( raw!A29, ""(?s)●\s*재료(.*)●\s*조리 방법"" ) ) "),"키조개 관자, 단감, 양상추, 양파, 고구마, 감자, 올리브유") -> 키조개 관자, 단감, 양상추, 양파, 고구마, 감자, 올리브유
A30: =recipe!C30 -> 파티비프 | B30: =IFERROR(__xludf.DUMMYFUNCTION("TRIM( REGEXEXTRACT( raw!A30, ""(?s)●\s*재료(.*)●\s*조리 방법"" ) ) "),"밥, 등심, 느타리 버섯, 양송이 버섯, 양상추, 양파, 총각김치, 쌈장, 생크림") -> 밥, 등심, 느타리 버섯, 양송이 버섯, 양상추, 양파, 총각김치, 쌈장, 생크림
A31: =recipe!C31 -> 아이러브유부 | B31: =IFERROR(__xludf.DUMMYFUNCTION("TRIM( REGEXEXTRACT( raw!A31, ""(?s)●\s*재료(.*)●\s*조리 방법"" ) ) "),"삼겹살, 생크림, 달걀, 통마늘, 잣, 양파, 두반장, 굴소스, 고추장아찌 국물, 핫소스") -> 삼겹살, 생크림, 달걀, 통마늘, 잣, 양파, 두반장, 굴소스, 고추장아찌 국물, 핫소스
A32: =recipe!C32 -> 곤약 봉골레 곤봉 | B32: =IFERROR(__xludf.DUMMYFUNCTION("TRIM( REGEXEXTRACT( raw!A32, ""(?s)●\s*재료(.*)●\s*조리 방법"" ) ) "),"곤약, 파프리카, 바지락, 올리브 오일, 마늘, 소금, 후추") -> 곤약, 파프리카, 바지락, 올리브 오일, 마늘, 소금, 후추
A33: =recipe!C33 -> 렛잇컵 | B33: =IFERROR(__xludf.DUMMYFUNCTION("TRIM( REGEXEXTRACT( raw!A33, ""(?s)●\s*재료(.*)●\s*조리 방법"" ) ) "),"찐고구마, 두유, 딸기, 키위, 사과, 홍시, 플레인 요거트, 생고구마") -> 찐고구마, 두유, 딸기, 키위, 사과, 홍시, 플레인 요거트, 생고구마
A34: =recipe!C34 -> 마이 러블리 튀밥 | B34: =IFERROR(__xludf.DUMMYFUNCTION("TRIM( REGEXEXTRACT( raw!A34, ""(?s)●\s*재료(.*)●\s*조리 방법"" ) ) "),"파프리카, 버섯, 양파, 명란젓, 대파, 즉석밥, 참기름, 치즈, 소금, 후추, 올리브유, 마늘, 블랙올리브, 홍고추, 방울토마토, 토마토소스, 밀가루, 달걀, 빵가루, 식용유, 파슬리") -> 파프리카, 버섯, 양파, 명란젓, 대파, 즉석밥, 참기름, 치즈, 소금, 후추, 올리브유, 마늘, 블랙올리브, 홍고추, 방울토마토, 토마토소스, 밀가루, 달걀, 빵가루, 식용유, 파슬리
A35: =recipe!C35 -> 자투리타타 | B35: =IFERROR(__xludf.DUMMYFUNCTION("TRIM( REGEXEXTRACT( raw!A35, ""(?s)●\s*재료(.*)●\s*조리 방법"" ) ) "),"파프리카, 양파, 버섯, 명란젓, 달걀, 올리브유, 방울토마토, 마늘, 팽이버섯, 베이컨") -> 파프리카, 양파, 버섯, 명란젓, 달걀, 올리브유, 방울토마토, 마늘, 팽이버섯, 베이컨
A36: =recipe!C36 -> 괜찮아, 목심이야 | B36: =IFERROR(__xludf.DUMMYFUNCTION("TRIM( REGEXEXTRACT( raw!A36, ""(?s)●\s*재료(.*)●\s*조리 방법"" ) ) "),"돼지고기 목심, 양파, 당근, 양상추, 사과, 전분, 소금, 후추, 오리엔탈 소스, 식초, 설탕") -> 돼지고기 목심, 양파, 당근, 양상추, 사과, 전분, 소금, 후추, 오리엔탈 소스, 식초, 설탕
A37: =recipe!C37 -> 마이 스위트 베이비 | B37: =IFERROR(__xludf.DUMMYFUNCTION("TRIM( REGEXEXTRACT( raw!A37, ""(?s)●\s*재료(.*)●\s*조리 방법"" ) ) "),"소고기 등심, 사과, 레드와인, 흑설탕, 소금, 후추") -> 소고기 등심, 사과, 레드와인, 흑설탕, 소금, 후추
A38: =recipe!C38 -> 어란대첩 | B38: =IFERROR(__xludf.DUMMYFUNCTION("TRIM( REGEXEXTRACT( raw!A38, ""(?s)●\s*재료(.*)●\s*조리 방법"" ) ) "),"파스타면(엔젤헤어), 무, 어란, 올리브유, 쯔유, 소금, 후추") -> 파스타면(엔젤헤어), 무, 어란, 올리브유, 쯔유, 소금, 후추
A39: =recipe!C39 -> 뉴타운 달팽이 | B39: =IFERROR(__xludf.DUMMYFUNCTION("TRIM( REGEXEXTRACT( raw!A39, ""(?s)●\s*재료(.*)●\s*조리 방법"" ) ) "),"달팽이, 양파, 버터, 매시드 포테이토 분말, 레드와인, 시금치") -> 달팽이, 양파, 버터, 매시드 포테이토 분말, 레드와인, 시금치
A40: =recipe!C40 -> 삼국회담 | B40: =IFERROR(__xludf.DUMMYFUNCTION("TRIM( REGEXEXTRACT( raw!A40, ""(?s)●\s*재료(.*)●\s*조리 방법"" ) ) "),"양갈비, 쌀국수면, 커민, 마늘, 중국 고추소스, 코코넛 밀크, 새우젓, 말린 양파, 피쉬소스, 동치미 국물, 탄산수, 참기름") -> 양갈비, 쌀국수면, 커민, 마늘, 중국 고추소스, 코코넛 밀크, 새우젓, 말린 양파, 피쉬소스, 동치미 국물, 탄산수, 참기름
A41: =recipe!C41 -> 로맨티스튜~♡ | B41: =IFERROR(__xludf.DUMMYFUNCTION("TRIM( REGEXEXTRACT( raw!A41, ""(?s)●\s*재료(.*)●\s*조리 방법"" ) ) "),"한우 등심, 밀가루, 베이컨, 양파, 토마토, 생크림, 코코넛 밀크, 커리 페이스트, 양배추, 밥, 레몬즙, 고수, 홍고추, 청고추, 올리브유") -> 한우 등심, 밀가루, 베이컨, 양파, 토마토, 생크림, 코코넛 밀크, 커리 페이스트, 양배추, 밥, 레몬즙, 고수, 홍고추, 청고추, 올리브유
A42: =recipe!C42 -> 섹시 한 컵 | B42: =IFERROR(__xludf.DUMMYFUNCTION("TRIM( REGEXEXTRACT( raw!A42, ""(?s)●\s*재료(.*)●\s*조리 방법"" ) ) "),"통조림햄, 슬라이스 치즈, 바질페스토, 달걀, 할라피뇨") -> 통조림햄, 슬라이스 치즈, 바질페스토, 달걀, 할라피뇨
A43: =recipe!C43 -> 가희에게 반하나 | B43: =IFERROR(__xludf.DUMMYFUNCTION("TRIM( REGEXEXTRACT( raw!A43, ""(?s)●\s*재료(.*)●\s*조리 방법"" ) ) "),"달걀, 탄산수, 바나나, 초콜릿 잼, 견과류, 블루베리") -> 달걀, 탄산수, 바나나, 초콜릿 잼, 견과류, 블루베리
A44: =recipe!C44 -> 엑소 떡볶이 | B44: =IFERROR(__xludf.DUMMYFUNCTION("TRIM( REGEXEXTRACT( raw!A44, ""(?s)●\s*재료(.*)●\s*조리 방법"" ) ) "),"인스턴트 떡볶이, 굴소스, XO소스, 양배추, 로메인 상추") -> 인스턴트 떡볶이, 굴소스, XO소스, 양배추, 로메인 상추
A45: =recipe!C45 -> 한 뚝볶이 하실래예? | B45: =IFERROR(__xludf.DUMMYFUNCTION("TRIM( REGEXEXTRACT( raw!A45, ""(?s)●\s*재료(.*)●\s*조리 방법"" ) ) "),"떡국떡, 감자, 냉동만두, 페페로치노") -> 떡국떡, 감자, 냉동만두, 페페로치노
A46: =recipe!C46 -> 굴로장생 | B46: =IFERROR(__xludf.DUMMYFUNCTION("TRIM( REGEXEXTRACT( raw!A46, ""(?s)●\s*재료(.*)●\s*조리 방법"" ) ) "),"멸치가루, 굴비, 호두오일, 레몬, 느타리버섯, 그라나파다노 치즈, 후추, 고추장, 양파, 마늘, 소금, 후추, 버터") -> 멸치가루, 굴비, 호두오일, 레몬, 느타리버섯, 그라나파다노 치즈, 후추, 고추장, 양파, 마늘, 소금, 후추, 버터
A47: =recipe!C47 -> 낙지 호로록 | B47: =IFERROR(__xludf.DUMMYFUNCTION("TRIM( REGEXEXTRACT( raw!A47, ""(?s)●\s*재료(.*)●\s*조리 방법"" ) ) "),"낙지, 돌나물, 레몬청, 레몬, 청양고추, 페페로치노, 소금, 양파, 식초, 설탕, 다진 마늘, 참기름, 깨") -> 낙지, 돌나물, 레몬청, 레몬, 청양고추, 페페로치노, 소금, 양파, 식초, 설탕, 다진 마늘, 참기름, 깨
A48: =recipe!C48 -> 달.고.나 | B48: =IFERROR(__xludf.DUMMYFUNCTION("TRIM( REGEXEXTRACT( raw!A48, ""(?s)●\s*재료(.*)●\s*조리 방법"" ) ) "),"돼지고기 앞다리살, 마살라, 양파, 당근, 밀가루, 버터, 쪽파") -> 돼지고기 앞다리살, 마살라, 양파, 당근, 밀가루, 버터, 쪽파
A49: =recipe!C49 -> 오순도순 | B49: =IFERROR(__xludf.DUMMYFUNCTION("TRIM( REGEXEXTRACT( raw!A49, ""(?s)●\s*재료(.*)●\s*조리 방법"" ) ) "),"오징어, 청양고추, 쌈채소, 토마토, 레몬, 케이퍼, 그라나파다노 치즈, 양파, 대파, 밥, 쌈장") -> 오징어, 청양고추, 쌈채소, 토마토, 레몬, 케이퍼, 그라나파다노 치즈, 양파, 대파, 밥, 쌈장
A50: =recipe!C50 -> 굴링굴링 | B50: =IFERROR(__xludf.DUMMYFUNCTION("TRIM( REGEXEXTRACT( raw!A50, ""(?s)●\s*재료(.*)●\s*조리 방법"" ) ) "),"굴, 우스터소스, 굴소스, 매실장아찌, 소금, 식초, 설탕, 간장, 국수장국, 연겨자, 전분, 양차, 고추, 쪽파") -> 굴, 우스터소스, 굴소스, 매실장아찌, 소금, 식초, 설탕, 간장, 국수장국, 연겨자, 전분, 양차, 고추, 쪽파
A51: =recipe!C51 -> 보굴보굴 | B51: =IFERROR(__xludf.DUMMYFUNCTION("TRIM( REGEXEXTRACT( raw!A51, ""(?s)●\s*재료(.*)●\s*조리 방법"" ) ) "),"굴, 미역, 우유, 양파, 버터, 밀가루, 참기름, 마늘") -> 굴, 미역, 우유, 양파, 버터, 밀가루, 참기름, 마늘
A52: =recipe!C52 -> 허풍찜닭밥 | B52: =IFERROR(__xludf.DUMMYFUNCTION("TRIM( REGEXEXTRACT( raw!A52, ""(?s)●\s*재료(.*)●\s*조리 방법"" ) ) "),"닭가슴살 통조림, 참치 통조림, 우스터소스, 김치, 카레가루, 달걀, 토마토, 레몬즙, 굴소스, 양파, 소금, 후추, 밥, 전분, 설탕") -> 닭가슴살 통조림, 참치 통조림, 우스터소스, 김치, 카레가루, 달걀, 토마토, 레몬즙, 굴소스, 양파, 소금, 후추, 밥, 전분, 설탕
A53: =recipe!C53 -> 허달달 | B53: =IFERROR(__xludf.DUMMYFUNCTION("TRIM( REGEXEXTRACT( raw!A53, ""(?s)●\s*재료(.*)●\s*조리 방법"" ) ) "),"치킨 비프볼, 굴소스, 달걀, 우유, 소보로빵, 새송이 버섯, 두부, 다시마, 멸치, 대파, 양파, 다진 마늘, 다진 생강, 즉석밥") -> 치킨 비프볼, 굴소스, 달걀, 우유, 소보로빵, 새송이 버섯, 두부, 다시마, 멸치, 대파, 양파, 다진 마늘, 다진 생강, 즉석밥
A54: =recipe!C54 -> 파콘 투게더 | B54: =IFERROR(__xludf.DUMMYFUNCTION("TRIM( REGEXEXTRACT( raw!A54, ""(?s)●\s*재료(.*)●\s*조리 방법"" ) ) "),"옥수수캔, 참치캔, 펜네, 방울토마토, 베이컨, 아보카도, 칠리파우더, 파마산 치즈, 고수, 소금, 레몬즙, 양파") -> 옥수수캔, 참치캔, 펜네, 방울토마토, 베이컨, 아보카도, 칠리파우더, 파마산 치즈, 고수, 소금, 레몬즙, 양파
A55: =recipe!C55 -> 백 투 더 치킨 | B55: =IFERROR(__xludf.DUMMYFUNCTION("TRIM( REGEXEXTRACT( raw!A55, ""(?s)●\s*재료(.*)●\s*조리 방법"" ) ) "),"닭고기, 생강, 달걀, 방울토마토, 고수, 올리브유, 양파, 당근, 전분") -> 닭고기, 생강, 달걀, 방울토마토, 고수, 올리브유, 양파, 당근, 전분
A56: =recipe!C56 -> 멕시코 갓(god) 쌈?! | B56: =IFERROR(__xludf.DUMMYFUNCTION("TRIM( REGEXEXTRACT( raw!A56, ""(?s)●\s*재료(.*)●\s*조리 방법"" ) ) "),"망고스틴, 방울토마토, 고수, 사워크림, 사과, 타코시즈닝, 식빵, 소시지, 슬라이스 치즈, 화이트와인") -> 망고스틴, 방울토마토, 고수, 사워크림, 사과, 타코시즈닝, 식빵, 소시지, 슬라이스 치즈, 화이트와인
A57: =recipe!C57 -> 타코 리턴 | B57: =IFERROR(__xludf.DUMMYFUNCTION("TRIM( REGEXEXTRACT( raw!A57, ""(?s)●\s*재료(.*)●\s*조리 방법"" ) ) "),"만두피, 다진 소고기, 타코시즈닝, 방울토마토, 얼린 토마토, 고수, 마늘장아찌, 아보카도, 사워크림, 스리라차 소스, 핫소스, 소금, 후추, 양파, 올리브유, 레몬즙") -> 만두피, 다진 소고기, 타코시즈닝, 방울토마토, 얼린 토마토, 고수, 마늘장아찌, 아보카도, 사워크림, 스리라차 소스, 핫소스, 소금, 후추, 양파, 올리브유, 레몬즙
A58: =recipe!C58 -> 냉장고탕 | B58: =IFERROR(__xludf.DUMMYFUNCTION("TRIM( REGEXEXTRACT( raw!A58, ""(?s)●\s*재료(.*)●\s*조리 방법"" ) ) "),"김치, 고등어, 상추, 된장, 두부") -> 김치, 고등어, 상추, 된장, 두부
A59: =recipe!C59 -> 고된 밀푀유 | B59: =IFERROR(__xludf.DUMMYFUNCTION("TRIM( REGEXEXTRACT( raw!A59, ""(?s)●\s*재료(.*)●\s*조리 방법"" ) ) "),"두부, 감자, 된장, 할라피뇨, 유자청, 상추") -> 두부, 감자, 된장, 할라피뇨, 유자청, 상추
A60: =recipe!C60 -> 안심하드라고~! | B60: =IFERROR(__xludf.DUMMYFUNCTION("TRIM( REGEXEXTRACT( raw!A60, ""(?s)●\s*재료(.*)●\s*조리 방법"" ) ) "),"감자, 당근, 안심, 팥 아이스크림") -> 감자, 당근, 안심, 팥 아이스크림
A61: =recipe!C61 -> 미숫가루보나라 | B61: =IFERROR(__xludf.DUMMYFUNCTION("TRIM( REGEXEXTRACT( raw!A61, ""(?s)●\s*재료(.*)●\s*조리 방법"" ) ) "),"미숫가루, 달걀, 우유, 초콜릿") -> 미숫가루, 달걀, 우유, 초콜릿
A62: =recipe!C62 -> 미소볼 | B62: =IFERROR(__xludf.DUMMYFUNCTION("TRIM( REGEXEXTRACT( raw!A62, ""(?s)●\s*재료(.*)●\s*조리 방법"" ) ) "),"미트볼, 크림치즈, 옥수수, 팽이버섯, 새송이버섯, 달걀, 마늘, 레드와인, 생강, 토마토소스, 버터, 설탕, 간장, 고추, 대파, 양파, 소금, 후추, 레몬, 파마산 치즈, 즉석밥") -> 미트볼, 크림치즈, 옥수수, 팽이버섯, 새송이버섯, 달걀, 마늘, 레드와인, 생강, 토마토소스, 버터, 설탕, 간장, 고추, 대파, 양파, 소금, 후추, 레몬, 파마산 치즈, 즉석밥
A63: =recipe!C63 -> 와풍 주니어 버거 | B63: =IFERROR(__xludf.DUMMYFUNCTION("TRIM( REGEXEXTRACT( raw!A63, ""(?s)●\s*재료(.*)●\s*조리 방법"" ) ) "),"미트볼, 통조림햄, 달걀, 팽이버섯, 카스테라, 슬라이스 치즈, 버터, 양파, 소금, 후추, 마요네즈, 머스터드, 마늘") -> 미트볼, 통조림햄, 달걀, 팽이버섯, 카스테라, 슬라이스 치즈, 버터, 양파, 소금, 후추, 마요네즈, 머스터드, 마늘
A64: =recipe!C64 -> 트리퐁크라운 | B64: =IFERROR(__xludf.DUMMYFUNCTION("TRIM( REGEXEXTRACT( raw!A64, ""(?s)●\s*재료(.*)●\s*조리 방법"" ) ) "),"우유, 크림치즈, 달걀, 사과주스, 초콜릿, 호두, 바닐라 시럽, 카스테라, 시리얼, 아몬드, 설탕, 레몬즙") -> 우유, 크림치즈, 달걀, 사과주스, 초콜릿, 호두, 바닐라 시럽, 카스테라, 시리얼, 아몬드, 설탕, 레몬즙
A65: =recipe!C65 -> 라벤더숲 | B65: =IFERROR(__xludf.DUMMYFUNCTION("TRIM( REGEXEXTRACT( raw!A65, ""(?s)●\s*재료(.*)●\s*조리 방법"" ) ) "),"우유, 라벤더 티백, 달걀, 아사이베리즙, 사과, 카스테라, 초콜릿, 쿠키, 아몬드, 설탕, 레몬즙") -> 우유, 라벤더 티백, 달걀, 아사이베리즙, 사과, 카스테라, 초콜릿, 쿠키, 아몬드, 설탕, 레몬즙
A66: =recipe!C66 -> 살치는 매운 요리 | B66: =IFERROR(__xludf.DUMMYFUNCTION("TRIM( REGEXEXTRACT( raw!A66, ""(?s)●\s*재료(.*)●\s*조리 방법"" ) ) "),"페페론치노, 파슬리, 양배추, 살치살, 콜라비, 아보카도, 올리브유, 마늘, 레몬, 소금, 후추, 고추") -> 페페론치노, 파슬리, 양배추, 살치살, 콜라비, 아보카도, 올리브유, 마늘, 레몬, 소금, 후추, 고추
A67: =recipe!C67 -> 삼고마비 | B67: =IFERROR(__xludf.DUMMYFUNCTION("TRIM( REGEXEXTRACT( raw!A67, ""(?s)●\s*재료(.*)●\s*조리 방법"" ) ) "),"고춧가루, 페페론치노, 콜라비, 꽃갈비살, 매실액, 꿀, 청양고추, 대파, 소금, 후추, 설탕, 레몬") -> 고춧가루, 페페론치노, 콜라비, 꽃갈비살, 매실액, 꿀, 청양고추, 대파, 소금, 후추, 설탕, 레몬
A68: =recipe!C68 -> 가슴이 콩닭콩닭 | B68: =IFERROR(__xludf.DUMMYFUNCTION("TRIM( REGEXEXTRACT( raw!A68, ""(?s)●\s*재료(.*)●\s*조리 방법"" ) ) "),"파슬리, 닭가슴살, 고춧가루, 애호박, 콜라비, 발사믹 드레싱, 설탕, 올리브유, 후추, 소금, 양파, 고추, 마늘") -> 파슬리, 닭가슴살, 고춧가루, 애호박, 콜라비, 발사믹 드레싱, 설탕, 올리브유, 후추, 소금, 양파, 고추, 마늘
A69: =recipe!C69 -> 나 혼자 쓰리볼 | B69: =IFERROR(__xludf.DUMMYFUNCTION("TRIM( REGEXEXTRACT( raw!A69, ""(?s)●\s*재료(.*)●\s*조리 방법"" ) ) "),"닭가슴살, 달걀, 크림소스, 페페론치노, 바질페스토, 훈제연어, 석류, 볶은 현미, 화이트와인, 소금, 후추, 청양고추, 마늘, 양파, 파르메산 치즈") -> 닭가슴살, 달걀, 크림소스, 페페론치노, 바질페스토, 훈제연어, 석류, 볶은 현미, 화이트와인, 소금, 후추, 청양고추, 마늘, 양파, 파르메산 치즈
A70: =recipe!C70 -> 연양만점 | B70: =IFERROR(__xludf.DUMMYFUNCTION("TRIM( REGEXEXTRACT( raw!A70, ""(?s)●\s*재료(.*)●\s*조리 방법"" ) ) "),"양배추, 감자, 훈제연어, 플레인 요거트, 발사믹 식초, 딸기, 소금, 대파, 양파, 레몬즙") -> 양배추, 감자, 훈제연어, 플레인 요거트, 발사믹 식초, 딸기, 소금, 대파, 양파, 레몬즙
A71: =recipe!C71 -> 의기양양 | B71: =IFERROR(__xludf.DUMMYFUNCTION("TRIM( REGEXEXTRACT( raw!A71, ""(?s)●\s*재료(.*)●\s*조리 방법"" ) ) "),"양배추, 훈제오리, 닭가슴살, 쯔유, 백김치, 달걀, 어린잎 채소, 밥, 양파, 대파, 버터, 마늘, 후추, 다진 생강") -> 양배추, 훈제오리, 닭가슴살, 쯔유, 백김치, 달걀, 어린잎 채소, 밥, 양파, 대파, 버터, 마늘, 후추, 다진 생강
A72: =recipe!C72 -> 감자봤수란 | B72: =IFERROR(__xludf.DUMMYFUNCTION("TRIM( REGEXEXTRACT( raw!A72, ""(?s)●\s*재료(.*)●\s*조리 방법"" ) ) "),"감자, 어린잎 채소, 매실액, 쯔유, 달걀, 마늘장아찌, 소금, 양파, 밀가루, 버터, 후추, 깨, 식초") -> 감자, 어린잎 채소, 매실액, 쯔유, 달걀, 마늘장아찌, 소금, 양파, 밀가루, 버터, 후추, 깨, 식초
A73: =recipe!C73 -> 미치고 팔닭 | B73: =IFERROR(__xludf.DUMMYFUNCTION("TRIM( REGEXEXTRACT( raw!A73, ""(?s)●\s*재료(.*)●\s*조리 방법"" ) ) "),"인절미, 닭가슴살 통조림, 조미료, 꿀, 다진 마늘, 양파, 후추, 간장") -> 인절미, 닭가슴살 통조림, 조미료, 꿀, 다진 마늘, 양파, 후추, 간장
A74: =recipe!C74 -> 2연타 | B74: =IFERROR(__xludf.DUMMYFUNCTION("TRIM( REGEXEXTRACT( raw!A74, ""(?s)●\s*재료(.*)●\s*조리 방법"" ) ) "),"연어, 양배추, 옥수수 통조림, 매운 오리엔탈 소스, 고추장아찌, 방울토마토, 참치, 크림치즈, 소금, 후추, 레몬, 양파, 핫소스, 올리브유, 마요네즈") -> 연어, 양배추, 옥수수 통조림, 매운 오리엔탈 소스, 고추장아찌, 방울토마토, 참치, 크림치즈, 소금, 후추, 레몬, 양파, 핫소스, 올리브유, 마요네즈
A75: =recipe!C75 -> 홍런볼 | B75: =IFERROR(__xludf.DUMMYFUNCTION("TRIM( REGEXEXTRACT( raw!A75, ""(?s)●\s*재료(.*)●\s*조리 방법"" ) ) "),"연어, 양배추, 멸치볶음, 고추장아찌, 김자반, 유산균 음료, 딸기 요거트, 청포도, 레몬, 소금, 후추, 버터, 참기름, 올리브오일") -> 연어, 양배추, 멸치볶음, 고추장아찌, 김자반, 유산균 음료, 딸기 요거트, 청포도, 레몬, 소금, 후추, 버터, 참기름, 올리브오일
A76: =recipe!C76 -> 비어 쉬림프 | B76: =IFERROR(__xludf.DUMMYFUNCTION("TRIM( REGEXEXTRACT( raw!A76, ""(?s)●\s*재료(.*)●\s*조리 방법"" ) ) "),"새우, 달걀, 맥주, 양배추, 소금, 후추, 마늘, 밀가루, 당근, 올리브유, 식초, 레몬") -> 새우, 달걀, 맥주, 양배추, 소금, 후추, 마늘, 밀가루, 당근, 올리브유, 식초, 레몬
A77: =recipe!C77 -> 치튀치튀뱅뱅 | B77: =IFERROR(__xludf.DUMMYFUNCTION("TRIM( REGEXEXTRACT( raw!A77, ""(?s)●\s*재료(.*)●\s*조리 방법"" ) ) "),"크림치즈, 오리엔탈 드레싱, 딸기잼, 딸기, 청포도, 버터, 토마토소스, 밀가루") -> 크림치즈, 오리엔탈 드레싱, 딸기잼, 딸기, 청포도, 버터, 토마토소스, 밀가루
A78: =recipe!C78 -> 사우나 육국수 | B78: =IFERROR(__xludf.DUMMYFUNCTION("TRIM( REGEXEXTRACT( raw!A78, ""(?s)●\s*재료(.*)●\s*조리 방법"" ) ) "),"냉동만두, 페페론치노, 소주, 소고기 등심, 양송이버섯, 마카다미아, 곶감, 바닐라 아이스크림, 소면, 다진 생강, 다진 마늘, 양파, 대파, 고춧가루, 된장, 깻잎") -> 냉동만두, 페페론치노, 소주, 소고기 등심, 양송이버섯, 마카다미아, 곶감, 바닐라 아이스크림, 소면, 다진 생강, 다진 마늘, 양파, 대파, 고춧가루, 된장, 깻잎
A79: =recipe!C79 -> 완소짬뽕 | B79: =IFERROR(__xludf.DUMMYFUNCTION("TRIM( REGEXEXTRACT( raw!A79, ""(?s)●\s*재료(.*)●\s*조리 방법"" ) ) "),"낙지, 양송이버섯, 새우, 칼국수 면, 달걀, 고추, 양파, 마늘, 대파, 전분") -> 낙지, 양송이버섯, 새우, 칼국수 면, 달걀, 고추, 양파, 마늘, 대파, 전분
A80: =recipe!C80 -> 털업 샐러드 | B80: =IFERROR(__xludf.DUMMYFUNCTION("TRIM( REGEXEXTRACT( raw!A80, ""(?s)●\s*재료(.*)●\s*조리 방법"" ) ) "),"렌틸콩, 페페론치노, 주꾸미, 새우, 요거트, 메이플 시럽, 된장, 양파, 당근, 청양고추, 버터, 마늘, 고춧가루, 레몬즙, 마르메산 치즈, 레몬") -> 렌틸콩, 페페론치노, 주꾸미, 새우, 요거트, 메이플 시럽, 된장, 양파, 당근, 청양고추, 버터, 마늘, 고춧가루, 레몬즙, 마르메산 치즈, 레몬
A81: =recipe!C81 -> 하우 두 유두? | B81: =IFERROR(__xludf.DUMMYFUNCTION("TRIM( REGEXEXTRACT( raw!A81, ""(?s)●\s*재료(.*)●\s*조리 방법"" ) ) "),"두부, 소고기 등심, 양송이버섯, 달걀, 레드페퍼, 소금, 후추, 국수장국, 맛술, 식초, 다진생강, 대파, 전분, 밀가루, 양파, 버터, 케첩, 돈가스 소스, 설탕") -> 두부, 소고기 등심, 양송이버섯, 달걀, 레드페퍼, 소금, 후추, 국수장국, 맛술, 식초, 다진생강, 대파, 전분, 밀가루, 양파, 버터, 케첩, 돈가스 소스, 설탕
A82: =recipe!C82 -> 치즈 듬풍 토스트 | B82: =IFERROR(__xludf.DUMMYFUNCTION("TRIM( REGEXEXTRACT( raw!A82, ""(?s)●\s*재료(.*)●\s*조리 방법"" ) ) "),"호두, 식빵, 체다 치즈, 모차렐라 치즈, 설탕, 소금") -> 호두, 식빵, 체다 치즈, 모차렐라 치즈, 설탕, 소금
A83: =recipe!C83 -> 샘 앤 치즈 그라탱 | B83: =IFERROR(__xludf.DUMMYFUNCTION("TRIM( REGEXEXTRACT( raw!A83, ""(?s)●\s*재료(.*)●\s*조리 방법"" ) ) "),"감자, 마카로니, 우유, 모차렐라 치즈, 체다 치즈, 소금, 버터, 밀가루, 양파") -> 감자, 마카로니, 우유, 모차렐라 치즈, 체다 치즈, 소금, 버터, 밀가루, 양파
A84: =recipe!C84 -> 베리베리 러블리걸 | B84: =IFERROR(__xludf.DUMMYFUNCTION("TRIM( REGEXEXTRACT( raw!A84, ""(?s)●\s*재료(.*)●\s*조리 방법"" ) ) "),"마카로니, 블루베리, 우유, 달걀, 호두, 키위, 석류, 소금, 설탕, 버터") -> 마카로니, 블루베리, 우유, 달걀, 호두, 키위, 석류, 소금, 설탕, 버터
A85: =recipe!C85 -> LOL : The love of your life | B85: =IFERROR(__xludf.DUMMYFUNCTION("TRIM( REGEXEXTRACT( raw!A85, ""(?s)●\s*재료(.*)●\s*조리 방법"" ) ) "),"감자, 우유, 만두, 불고기, 식빵, 부추, 복분자 원액, 석류, 강황 가루, 소금, 버터, 올리브오일, 설탕") -> 감자, 우유, 만두, 불고기, 식빵, 부추, 복분자 원액, 석류, 강황 가루, 소금, 버터, 올리브오일, 설탕
A86: =recipe!C86 -> 순결한 튀김 | B86: =IFERROR(__xludf.DUMMYFUNCTION("TRIM( REGEXEXTRACT( raw!A86, ""(?s)●\s*재료(.*)●\s*조리 방법"" ) ) "),"소고기 안심, 사과, 블루 치즈, 태국고추, 멸치액젓, 마카다미아, 레몬청, 양상추, 소금, 후추, 청양고추, 식초, 레몬즙, 설탕, 다진 마늘, 파") -> 소고기 안심, 사과, 블루 치즈, 태국고추, 멸치액젓, 마카다미아, 레몬청, 양상추, 소금, 후추, 청양고추, 식초, 레몬즙, 설탕, 다진 마늘, 파
A87: =recipe!C87 -> 고기 차이나 | B87: =IFERROR(__xludf.DUMMYFUNCTION("TRIM( REGEXEXTRACT( raw!A87, ""(?s)●\s*재료(.*)●\s*조리 방법"" ) ) "),"닭가슴살, 달걀, 채끝살, 청경채, 파프리카, 굴소스, 양상추, 감자 전분, 밀가루, 식용유, 양파, 대파, 마늘, 간장, 설탕, 식초, 레몬즙, 다진 마늘") -> 닭가슴살, 달걀, 채끝살, 청경채, 파프리카, 굴소스, 양상추, 감자 전분, 밀가루, 식용유, 양파, 대파, 마늘, 간장, 설탕, 식초, 레몬즙, 다진 마늘
A88: =recipe!C88 -> 힘을 내요 슈퍼 나베 | B88: =IFERROR(__xludf.DUMMYFUNCTION("TRIM( REGEXEXTRACT( raw!A88, ""(?s)●\s*재료(.*)●\s*조리 방법"" ) ) "),"사골 육수, 양지머리, 양배추, 송화 버섯, 청경채, 소면, 팽이 버섯, 소고기 안심, 깻잎, 달걀, 된장, 마늘, 대파, 국간장") -> 사골 육수, 양지머리, 양배추, 송화 버섯, 청경채, 소면, 팽이 버섯, 소고기 안심, 깻잎, 달걀, 된장, 마늘, 대파, 국간장
A89: =recipe!C89 -> 소테미너 | B89: =IFERROR(__xludf.DUMMYFUNCTION("TRIM( REGEXEXTRACT( raw!A89, ""(?s)●\s*재료(.*)●\s*조리 방법"" ) ) "),"방울 양배추, 콜리플라워, 파프리카, 브로콜리, 살치살, 소금, 버터, 마늘, 양파, 후추") -> 방울 양배추, 콜리플라워, 파프리카, 브로콜리, 살치살, 소금, 버터, 마늘, 양파, 후추
A90: =recipe!C90 -> 초코 모찌 맛있찌 | B90: =IFERROR(__xludf.DUMMYFUNCTION("TRIM( REGEXEXTRACT( raw!A90, ""(?s)●\s*재료(.*)●\s*조리 방법"" ) ) "),"초코 비스킷, 쑥떡, 달걀, 커피 음료, 믹스커피, 커피 우유, 냉동 블루베리, 딸기, 아이스크림, 버터, 소금, 밀가루, 설탕") -> 초코 비스킷, 쑥떡, 달걀, 커피 음료, 믹스커피, 커피 우유, 냉동 블루베리, 딸기, 아이스크림, 버터, 소금, 밀가루, 설탕
A91: =recipe!C91 -> 수플레가 머랭? | B91: =IFERROR(__xludf.DUMMYFUNCTION("TRIM( REGEXEXTRACT( raw!A91, ""(?s)●\s*재료(.*)●\s*조리 방법"" ) ) "),"초콜릿, 달걀, 커피 우유, 냉동 블루베리, 설탕, 전분") -> 초콜릿, 달걀, 커피 우유, 냉동 블루베리, 설탕, 전분
A92: =recipe!C92 -> 그.레.요 (그대를 위한 레토르트 요리) | B92: =IFERROR(__xludf.DUMMYFUNCTION("TRIM( REGEXEXTRACT( raw!A92, ""(?s)●\s*재료(.*)●\s*조리 방법"" ) ) "),"토마토 소스, 참치 통조림, 건자두, 레드 와인, 달걀, 햄 통조림, 옥수수 수프 분말, 데친 브로콜리, 버터, 양파, 즉석밥, 레드 와인, 설탕, 밀가루, 빵가루, 파르메산 치즈, 후추") -> 토마토 소스, 참치 통조림, 건자두, 레드 와인, 달걀, 햄 통조림, 옥수수 수프 분말, 데친 브로콜리, 버터, 양파, 즉석밥, 레드 와인, 설탕, 밀가루, 빵가루, 파르메산 치즈, 후추
A93: =recipe!C93 -> 수픈데 오믈렛 | B93: =IFERROR(__xludf.DUMMYFUNCTION("TRIM( REGEXEXTRACT( raw!A93, ""(?s)●\s*재료(.*)●\s*조리 방법"" ) ) "),"달걀, 햄 통조림, 참치 통조림, 데친 브로콜리, 머스터드 소스, 옥수수 수프 분말, 스위트 칠리 소스, 레몬, 소금, 후추, 버터, 올리브유, 설탕") -> 달걀, 햄 통조림, 참치 통조림, 데친 브로콜리, 머스터드 소스, 옥수수 수프 분말, 스위트 칠리 소스, 레몬, 소금, 후추, 버터, 올리브유, 설탕
A94: =recipe!C94 -> 빠리송로 | B94: =IFERROR(__xludf.DUMMYFUNCTION("TRIM( REGEXEXTRACT( raw!A94, ""(?s)●\s*재료(.*)●\s*조리 방법"" ) ) "),"치킨 스톡, 두부, 느타리버섯, 트러플 소스, 우유, 트러플 오일, 당근, 버터, 양파") -> 치킨 스톡, 두부, 느타리버섯, 트러플 소스, 우유, 트러플 오일, 당근, 버터, 양파
A95: =recipe!C95 -> 머라노 | B95: =IFERROR(__xludf.DUMMYFUNCTION("TRIM( REGEXEXTRACT( raw!A95, ""(?s)●\s*재료(.*)●\s*조리 방법"" ) ) "),"표고버섯, 느타리버섯, 그라나파다노 치즈, 올리브 오일, 양파, 당근, 올리브 오일, 마늘, 즉석밥, 버터, 소금, 후추") -> 표고버섯, 느타리버섯, 그라나파다노 치즈, 올리브 오일, 양파, 당근, 올리브 오일, 마늘, 즉석밥, 버터, 소금, 후추
A96: =recipe!C96 -> 파프리콘 | B96: =IFERROR(__xludf.DUMMYFUNCTION("TRIM( REGEXEXTRACT( raw!A96, ""(?s)●\s*재료(.*)●\s*조리 방법"" ) ) "),"파프리카, 토마토 통조림, 파슬리, 바질페스토, 페타 치즈, 옥수수, 블랙 올리브, 마늘, 소금, 후추, 올리브 오일, 밀가루") -> 파프리카, 토마토 통조림, 파슬리, 바질페스토, 페타 치즈, 옥수수, 블랙 올리브, 마늘, 소금, 후추, 올리브 오일, 밀가루
A97: =recipe!C97 -> 섬섬옥수수 | B97: =IFERROR(__xludf.DUMMYFUNCTION("TRIM( REGEXEXTRACT( raw!A97, ""(?s)●\s*재료(.*)●\s*조리 방법"" ) ) "),"옥수수, 리코타 치즈, 치킨 스톡, 우유, 해바라기씨, 트러플 오일, 그라나파다노 치즈, 버터, 마늘, 양파, 소금, 후추, 밀가루, 설탕") -> 옥수수, 리코타 치즈, 치킨 스톡, 우유, 해바라기씨, 트러플 오일, 그라나파다노 치즈, 버터, 마늘, 양파, 소금, 후추, 밀가루, 설탕
A98: =recipe!C98 -> 스푼 파스타 | B98: =IFERROR(__xludf.DUMMYFUNCTION("TRIM( REGEXEXTRACT( raw!A98, ""(?s)●\s*재료(.*)●\s*조리 방법"" ) ) "),"밴댕이, 갑오징어 알, 새우, 키조개 관자, 카망베르 치즈, 올리브 오일, 다진 마늘, 후추") -> 밴댕이, 갑오징어 알, 새우, 키조개 관자, 카망베르 치즈, 올리브 오일, 다진 마늘, 후추
A99: =recipe!C99 -> 연복쌈 | B99: =IFERROR(__xludf.DUMMYFUNCTION("TRIM( REGEXEXTRACT( raw!A99, ""(?s)●\s*재료(.*)●\s*조리 방법"" ) ) "),"전복, 돼지고기, 애호박, 오이, 춘장, 전복소스, 양파, 밀가루, 소금, 참기름, 올리브 오일, 대파") -> 전복, 돼지고기, 애호박, 오이, 춘장, 전복소스, 양파, 밀가루, 소금, 참기름, 올리브 오일, 대파
A100: =recipe!C100 -> 갈갈이 풍면 | B100: =IFERROR(__xludf.DUMMYFUNCTION("TRIM( REGEXEXTRACT( raw!A100, ""(?s)●\s*재료(.*)●\s*조리 방법"" ) ) "),"황태채, 새우가루, 홍합가루, 토마토, 할라피뇨, 매실 장아찌, 마늘 장아찌, 매실액, 삼겹살, 엔젤헤어, 고춧가루, 올리브 오일, 후추") -> 황태채, 새우가루, 홍합가루, 토마토, 할라피뇨, 매실 장아찌, 마늘 장아찌, 매실액, 삼겹살, 엔젤헤어, 고춧가루, 올리브 오일, 후추
...

Sheet recipe
A1: full_title_raw | B1: chef_name | C1: recipe_title | D1: category
A2: =IFERROR(__xludf.DUMMYFUNCTION("REGEXEXTRACT(raw!A2, ""<\s*(.+?)\s*>"") "),"정창욱 셰프 - 치킨 밀푀유") -> 정창욱 셰프 - 치킨 밀푀유 | B2: =IFERROR(__xludf.DUMMYFUNCTION("TRIM( SUBSTITUTE( INDEX(SPLIT($A2,""-""),1), ""셰프"", """" ) ) "),"정창욱") -> 정창욱 | C2: =IFERROR(__xludf.DUMMYFUNCTION("TRIM(INDEX(SPLIT($A2,""-""),2)) "),"치킨 밀푀유") -> 치킨 밀푀유
A3: =IFERROR(__xludf.DUMMYFUNCTION("REGEXEXTRACT(raw!A3, ""<\s*(.+?)\s*>"") "),"홍석천 셰프 - 취닭거리") -> 홍석천 셰프 - 취닭거리 | B3: =IFERROR(__xludf.DUMMYFUNCTION("TRIM( SUBSTITUTE( INDEX(SPLIT($A3,""-""),1), ""셰프"", """" ) ) "),"홍석천") -> 홍석천 | C3: =IFERROR(__xludf.DUMMYFUNCTION("TRIM(INDEX(SPLIT($A3,""-""),2)) "),"취닭거리") -> 취닭거리
A4: =IFERROR(__xludf.DUMMYFUNCTION("REGEXEXTRACT(raw!A4, ""<\s*(.+?)\s*>"") "),"최현석 - 닭딸") -> 최현석 - 닭딸 | B4: =IFERROR(__xludf.DUMMYFUNCTION("TRIM( SUBSTITUTE( INDEX(SPLIT($A4,""-""),1), ""셰프"", """" ) ) "),"최현석") -> 최현석 | C4: =IFERROR(__xludf.DUMMYFUNCTION("TRIM(INDEX(SPLIT($A4,""-""),2)) "),"닭딸") -> 닭딸
A5: =IFERROR(__xludf.DUMMYFUNCTION("REGEXEXTRACT(raw!A5, ""<\s*(.+?)\s*>"") "),"김풍 셰프 - 어머니 맛 풍족밥") -> 김풍 셰프 - 어머니 맛 풍족밥 | B5: =IFERROR(__xludf.DUMMYFUNCTION("TRIM( SUBSTITUTE( INDEX(SPLIT($A5,""-""),1), ""셰프"", """" ) ) "),"김풍") -> 김풍 | C5: =IFERROR(__xludf.DUMMYFUNCTION("TRIM(INDEX(SPLIT($A5,""-""),2)) "),"어머니 맛 풍족밥") -> 어머니 맛 풍족밥
A6: =IFERROR(__xludf.DUMMYFUNCTION("REGEXEXTRACT(raw!A6, ""<\s*(.+?)\s*>"") "),"샘킴 셰프 - 치킨 요로케") -> 샘킴 셰프 - 치킨 요로케 | B6: =IFERROR(__xludf.DUMMYFUNCTION("TRIM( SUBSTITUTE( INDEX(SPLIT($A6,""-""),1), ""셰프"", """" ) ) "),"샘킴") -> 샘킴 | C6: =IFERROR(__xludf.DUMMYFUNCTION("TRIM(INDEX(SPLIT($A6,""-""),2)) "),"치킨 요로케") -> 치킨 요로케
A7: =IFERROR(__xludf.DUMMYFUNCTION("REGEXEXTRACT(raw!A7, ""<\s*(.+?)\s*>"") "),"미카엘 셰프 - 포크 미트볼") -> 미카엘 셰프 - 포크 미트볼 | B7: =IFERROR(__xludf.DUMMYFUNCTION("TRIM( SUBSTITUTE( INDEX(SPLIT($A7,""-""),1), ""셰프"", """" ) ) "),"미카엘") -> 미카엘 | C7: =IFERROR(__xludf.DUMMYFUNCTION("TRIM(INDEX(SPLIT($A7,""-""),2)) "),"포크 미트볼") -> 포크 미트볼
A8: =IFERROR(__xludf.DUMMYFUNCTION("REGEXEXTRACT(raw!A8, ""<\s*(.+?)\s*>"") "),"홍석천 셰프 - 만두부인 육수터졌네") -> 홍석천 셰프 - 만두부인 육수터졌네 | B8: =IFERROR(__xludf.DUMMYFUNCTION("TRIM( SUBSTITUTE( INDEX(SPLIT($A8,""-""),1), ""셰프"", """" ) ) "),"홍석천") -> 홍석천 | C8: =IFERROR(__xludf.DUMMYFUNCTION("TRIM(INDEX(SPLIT($A8,""-""),2)) "),"만두부인 육수터졌네") -> 만두부인 육수터졌네
A9: =IFERROR(__xludf.DUMMYFUNCTION("REGEXEXTRACT(raw!A9, ""<\s*(.+?)\s*>"") "),"정창욱 셰프 - 심쿵 오믈렛") -> 정창욱 셰프 - 심쿵 오믈렛 | B9: =IFERROR(__xludf.DUMMYFUNCTION("TRIM( SUBSTITUTE( INDEX(SPLIT($A9,""-""),1), ""셰프"", """" ) ) "),"정창욱") -> 정창욱 | C9: =IFERROR(__xludf.DUMMYFUNCTION("TRIM(INDEX(SPLIT($A9,""-""),2)) "),"심쿵 오믈렛") -> 심쿵 오믈렛
A10: =IFERROR(__xludf.DUMMYFUNCTION("REGEXEXTRACT(raw!A10, ""<\s*(.+?)\s*>"") "),"샘킴 셰프 - 엔초비 파스타") -> 샘킴 셰프 - 엔초비 파스타 | B10: =IFERROR(__xludf.DUMMYFUNCTION("TRIM( SUBSTITUTE( INDEX(SPLIT($A10,""-""),1), ""셰프"", """" ) ) "),"샘킴") -> 샘킴 | C10: =IFERROR(__xludf.DUMMYFUNCTION("TRIM(INDEX(SPLIT($A10,""-""),2)) "),"엔초비 파스타") -> 엔초비 파스타
A11: =IFERROR(__xludf.DUMMYFUNCTION("REGEXEXTRACT(raw!A11, ""<\s*(.+?)\s*>"") "),"김풍 셰프 - 고기와 썸타는 떡국떡 삼합") -> 김풍 셰프 - 고기와 썸타는 떡국떡 삼합 | B11: =IFERROR(__xludf.DUMMYFUNCTION("TRIM( SUBSTITUTE( INDEX(SPLIT($A11,""-""),1), ""셰프"", """" ) ) "),"김풍") -> 김풍 | C11: =IFERROR(__xludf.DUMMYFUNCTION("TRIM(INDEX(SPLIT($A11,""-""),2)) "),"고기와 썸타는 떡국떡 삼합") -> 고기와 썸타는 떡국떡 삼합
A12: =IFERROR(__xludf.DUMMYFUNCTION("REGEXEXTRACT(raw!A12, ""<\s*(.+?)\s*>"") "),"최현석 셰프 - 와닭") -> 최현석 셰프 - 와닭 | B12: =IFERROR(__xludf.DUMMYFUNCTION("TRIM( SUBSTITUTE( INDEX(SPLIT($A12,""-""),1), ""셰프"", """" ) ) "),"최현석") -> 최현석 | C12: =IFERROR(__xludf.DUMMYFUNCTION("TRIM(INDEX(SPLIT($A12,""-""),2)) "),"와닭") -> 와닭
A13: =IFERROR(__xludf.DUMMYFUNCTION("REGEXEXTRACT(raw!A13, ""<\s*(.+?)\s*>"") "),"미카엘 셰프 - 브로콜리 치킨") -> 미카엘 셰프 - 브로콜리 치킨 | B13: =IFERROR(__xludf.DUMMYFUNCTION("TRIM( SUBSTITUTE( INDEX(SPLIT($A13,""-""),1), ""셰프"", """" ) ) "),"미카엘") -> 미카엘 | C13: =IFERROR(__xludf.DUMMYFUNCTION("TRIM(INDEX(SPLIT($A13,""-""),2)) "),"브로콜리 치킨") -> 브로콜리 치킨
A14: =IFERROR(__xludf.DUMMYFUNCTION("REGEXEXTRACT(raw!A14, ""<\s*(.+?)\s*>"") "),"정창욱 셰프 - 삼겹살 플레이트") -> 정창욱 셰프 - 삼겹살 플레이트 | B14: =IFERROR(__xludf.DUMMYFUNCTION("TRIM( SUBSTITUTE( INDEX(SPLIT($A14,""-""),1), ""셰프"", """" ) ) "),"정창욱") -> 정창욱 | C14: =IFERROR(__xludf.DUMMYFUNCTION("TRIM(INDEX(SPLIT($A14,""-""),2)) "),"삼겹살 플레이트") -> 삼겹살 플레이트
A15: =IFERROR(__xludf.DUMMYFUNCTION("REGEXEXTRACT(raw!A15, ""<\s*(.+?)\s*>"") "),"최현석 셰프 - 강남비빔면") -> 최현석 셰프 - 강남비빔면 | B15: =IFERROR(__xludf.DUMMYFUNCTION("TRIM( SUBSTITUTE( INDEX(SPLIT($A15,""-""),1), ""셰프"", """" ) ) "),"최현석") -> 최현석 | C15: =IFERROR(__xludf.DUMMYFUNCTION("TRIM(INDEX(SPLIT($A15,""-""),2)) "),"강남비빔면") -> 강남비빔면
A16: =IFERROR(__xludf.DUMMYFUNCTION("REGEXEXTRACT(raw!A16, ""<\s*(.+?)\s*>"") "),"샘킴 셰프 - 나 또 브리또") -> 샘킴 셰프 - 나 또 브리또 | B16: =IFERROR(__xludf.DUMMYFUNCTION("TRIM( SUBSTITUTE( INDEX(SPLIT($A16,""-""),1), ""셰프"", """" ) ) "),"샘킴") -> 샘킴 | C16: =IFERROR(__xludf.DUMMYFUNCTION("TRIM(INDEX(SPLIT($A16,""-""),2)) "),"나 또 브리또") -> 나 또 브리또
A17: =IFERROR(__xludf.DUMMYFUNCTION("REGEXEXTRACT(raw!A17, ""<\s*(.+?)\s*>"") "),"김풍 셰프 - 갸루상 케이크") -> 김풍 셰프 - 갸루상 케이크 | B17: =IFERROR(__xludf.DUMMYFUNCTION("TRIM( SUBSTITUTE( INDEX(SPLIT($A17,""-""),1), ""셰프"", """" ) ) "),"김풍") -> 김풍 | C17: =IFERROR(__xludf.DUMMYFUNCTION("TRIM(INDEX(SPLIT($A17,""-""),2)) "),"갸루상 케이크") -> 갸루상 케이크
A18: =IFERROR(__xludf.DUMMYFUNCTION("REGEXEXTRACT(raw!A18, ""<\s*(.+?)\s*>"") "),"미카엘 셰프 - PLETKA") -> 미카엘 셰프 - PLETKA | B18: =IFERROR(__xludf.DUMMYFUNCTION("TRIM( SUBSTITUTE( INDEX(SPLIT($A18,""-""),1), ""셰프"", """" ) ) "),"미카엘") -> 미카엘 | C18: =IFERROR(__xludf.DUMMYFUNCTION("TRIM(INDEX(SPLIT($A18,""-""),2)) "),"PLETKA") -> PLETKA
A19: =IFERROR(__xludf.DUMMYFUNCTION("REGEXEXTRACT(raw!A19, ""<\s*(.+?)\s*>"") "),"홍석천 셰프 - 다 줄게라면") -> 홍석천 셰프 - 다 줄게라면 | B19: =IFERROR(__xludf.DUMMYFUNCTION("TRIM( SUBSTITUTE( INDEX(SPLIT($A19,""-""),1), ""셰프"", """" ) ) "),"홍석천") -> 홍석천 | C19: =IFERROR(__xludf.DUMMYFUNCTION("TRIM(INDEX(SPLIT($A19,""-""),2)) "),"다 줄게라면") -> 다 줄게라면
A20: =IFERROR(__xludf.DUMMYFUNCTION("REGEXEXTRACT(raw!A20, ""<\s*(.+?)\s*>"") "),"정창욱 셰프 - 우리집에 오.새.요") -> 정창욱 셰프 - 우리집에 오.새.요 | B20: =IFERROR(__xludf.DUMMYFUNCTION("TRIM( SUBSTITUTE( INDEX(SPLIT($A20,""-""),1), ""셰프"", """" ) ) "),"정창욱") -> 정창욱 | C20: =IFERROR(__xludf.DUMMYFUNCTION("TRIM(INDEX(SPLIT($A20,""-""),2)) "),"우리집에 오.새.요") -> 우리집에 오.새.요
A21: =IFERROR(__xludf.DUMMYFUNCTION("REGEXEXTRACT(raw!A21, ""<\s*(.+?)\s*>"") "),"샘킴 셰프 - Mr.콩chu~♥") -> 샘킴 셰프 - Mr.콩chu~♥ | B21: =IFERROR(__xludf.DUMMYFUNCTION("TRIM( SUBSTITUTE( INDEX(SPLIT($A21,""-""),1), ""셰프"", """" ) ) "),"샘킴") -> 샘킴 | C21: =IFERROR(__xludf.DUMMYFUNCTION("TRIM(INDEX(SPLIT($A21,""-""),2)) "),"Mr.콩chu~♥") -> Mr.콩chu~♥
A22: =IFERROR(__xludf.DUMMYFUNCTION("REGEXEXTRACT(raw!A22, ""<\s*(.+?)\s*>"") "),"최현석 셰프 - For덕") -> 최현석 셰프 - For덕 | B22: =IFERROR(__xludf.DUMMYFUNCTION("TRIM( SUBSTITUTE( INDEX(SPLIT($A22,""-""),1), ""셰프"", """" ) ) "),"최현석") -> 최현석 | C22: =IFERROR(__xludf.DUMMYFUNCTION("TRIM(INDEX(SPLIT($A22,""-""),2)) "),"For덕") -> For덕
A23: =IFERROR(__xludf.DUMMYFUNCTION("REGEXEXTRACT(raw!A23, ""<\s*(.+?)\s*>"") "),"미카엘 셰프 - 프로틴 스틱") -> 미카엘 셰프 - 프로틴 스틱 | B23: =IFERROR(__xludf.DUMMYFUNCTION("TRIM( SUBSTITUTE( INDEX(SPLIT($A23,""-""),1), ""셰프"", """" ) ) "),"미카엘") -> 미카엘 | C23: =IFERROR(__xludf.DUMMYFUNCTION("TRIM(INDEX(SPLIT($A23,""-""),2)) "),"프로틴 스틱") -> 프로틴 스틱
A24: =IFERROR(__xludf.DUMMYFUNCTION("REGEXEXTRACT(raw!A24, ""<\s*(.+?)\s*>"") "),"홍석천 셰프 - 불닭 소시지") -> 홍석천 셰프 - 불닭 소시지 | B24: =IFERROR(__xludf.DUMMYFUNCTION("TRIM( SUBSTITUTE( INDEX(SPLIT($A24,""-""),1), ""셰프"", """" ) ) "),"홍석천") -> 홍석천 | C24: =IFERROR(__xludf.DUMMYFUNCTION("TRIM(INDEX(SPLIT($A24,""-""),2)) "),"불닭 소시지") -> 불닭 소시지
A25: =IFERROR(__xludf.DUMMYFUNCTION("REGEXEXTRACT(raw!A25, ""<\s*(.+?)\s*>"") "),"김풍 셰프 - 매우면 참치 & 쏘루아밀크") -> 김풍 셰프 - 매우면 참치 & 쏘루아밀크 | B25: =IFERROR(__xludf.DUMMYFUNCTION("TRIM( SUBSTITUTE( INDEX(SPLIT($A25,""-""),1), ""셰프"", """" ) ) "),"김풍") -> 김풍 | C25: =IFERROR(__xludf.DUMMYFUNCTION("TRIM(INDEX(SPLIT($A25,""-""),2)) "),"매우면 참치 & 쏘루아밀크") -> 매우면 참치 & 쏘루아밀크
A26: =IFERROR(__xludf.DUMMYFUNCTION("REGEXEXTRACT(raw!A26, ""<\s*(.+?)\s*>"") "),"정창욱 셰프 - 삼층돈탑") -> 정창욱 셰프 - 삼층돈탑 | B26: =IFERROR(__xludf.DUMMYFUNCTION("TRIM( SUBSTITUTE( INDEX(SPLIT($A26,""-""),1), ""셰프"", """" ) ) "),"정창욱") -> 정창욱 | C26: =IFERROR(__xludf.DUMMYFUNCTION("TRIM(INDEX(SPLIT($A26,""-""),2)) "),"삼층돈탑") -> 삼층돈탑
A27: =IFERROR(__xludf.DUMMYFUNCTION("REGEXEXTRACT(raw!A27, ""<\s*(.+?)\s*>"") "),"김풍 셰프 - 엠티 오후의 라면") -> 김풍 셰프 - 엠티 오후의 라면 | B27: =IFERROR(__xludf.DUMMYFUNCTION("TRIM( SUBSTITUTE( INDEX(SPLIT($A27,""-""),1), ""셰프"", """" ) ) "),"김풍") -> 김풍 | C27: =IFERROR(__xludf.DUMMYFUNCTION("TRIM(INDEX(SPLIT($A27,""-""),2)) "),"엠티 오후의 라면") -> 엠티 오후의 라면
A28: =IFERROR(__xludf.DUMMYFUNCTION("REGEXEXTRACT(raw!A28, ""<\s*(.+?)\s*>"") "),"최현석 셰프 - 봉선아 시집가자미") -> 최현석 셰프 - 봉선아 시집가자미 | B28: =IFERROR(__xludf.DUMMYFUNCTION("TRIM( SUBSTITUTE( INDEX(SPLIT($A28,""-""),1), ""셰프"", """" ) ) "),"최현석") -> 최현석 | C28: =IFERROR(__xludf.DUMMYFUNCTION("TRIM(INDEX(SPLIT($A28,""-""),2)) "),"봉선아 시집가자미") -> 봉선아 시집가자미
A29: =IFERROR(__xludf.DUMMYFUNCTION("REGEXEXTRACT(raw!A29, ""<\s*(.+?)\s*>"") "),"샘킴 - 스키니 신") -> 샘킴 - 스키니 신 | B29: =IFERROR(__xludf.DUMMYFUNCTION("TRIM( SUBSTITUTE( INDEX(SPLIT($A29,""-""),1), ""셰프"", """" ) ) "),"샘킴") -> 샘킴 | C29: =IFERROR(__xludf.DUMMYFUNCTION("TRIM(INDEX(SPLIT($A29,""-""),2)) "),"스키니 신") -> 스키니 신
A30: =IFERROR(__xludf.DUMMYFUNCTION("REGEXEXTRACT(raw!A30, ""<\s*(.+?)\s*>"") "),"미카엘 - 파티비프") -> 미카엘 - 파티비프 | B30: =IFERROR(__xludf.DUMMYFUNCTION("TRIM( SUBSTITUTE( INDEX(SPLIT($A30,""-""),1), ""셰프"", """" ) ) "),"미카엘") -> 미카엘 | C30: =IFERROR(__xludf.DUMMYFUNCTION("TRIM(INDEX(SPLIT($A30,""-""),2)) "),"파티비프") -> 파티비프
A31: =IFERROR(__xludf.DUMMYFUNCTION("REGEXEXTRACT(raw!A31, ""<\s*(.+?)\s*>"") "),"홍석천 - 아이러브유부") -> 홍석천 - 아이러브유부 | B31: =IFERROR(__xludf.DUMMYFUNCTION("TRIM( SUBSTITUTE( INDEX(SPLIT($A31,""-""),1), ""셰프"", """" ) ) "),"홍석천") -> 홍석천 | C31: =IFERROR(__xludf.DUMMYFUNCTION("TRIM(INDEX(SPLIT($A31,""-""),2)) "),"아이러브유부") -> 아이러브유부
A32: =IFERROR(__xludf.DUMMYFUNCTION("REGEXEXTRACT(raw!A32, ""<\s*(.+?)\s*>"") "),"최현석 셰프 - 곤약 봉골레 곤봉") -> 최현석 셰프 - 곤약 봉골레 곤봉 | B32: =IFERROR(__xludf.DUMMYFUNCTION("TRIM( SUBSTITUTE( INDEX(SPLIT($A32,""-""),1), ""셰프"", """" ) ) "),"최현석") -> 최현석 | C32: =IFERROR(__xludf.DUMMYFUNCTION("TRIM(INDEX(SPLIT($A32,""-""),2)) "),"곤약 봉골레 곤봉") -> 곤약 봉골레 곤봉
A33: =IFERROR(__xludf.DUMMYFUNCTION("REGEXEXTRACT(raw!A33, ""<\s*(.+?)\s*>"") "),"홍석천 셰프 - 렛잇컵") -> 홍석천 셰프 - 렛잇컵 | B33: =IFERROR(__xludf.DUMMYFUNCTION("TRIM( SUBSTITUTE( INDEX(SPLIT($A33,""-""),1), ""셰프"", """" ) ) "),"홍석천") -> 홍석천 | C33: =IFERROR(__xludf.DUMMYFUNCTION("TRIM(INDEX(SPLIT($A33,""-""),2)) "),"렛잇컵") -> 렛잇컵
A34: =IFERROR(__xludf.DUMMYFUNCTION("REGEXEXTRACT(raw!A34, ""<\s*(.+?)\s*>"") "),"샘킴 셰프 - 마이 러블리 튀밥") -> 샘킴 셰프 - 마이 러블리 튀밥 | B34: =IFERROR(__xludf.DUMMYFUNCTION("TRIM( SUBSTITUTE( INDEX(SPLIT($A34,""-""),1), ""셰프"", """" ) ) "),"샘킴") -> 샘킴 | C34: =IFERROR(__xludf.DUMMYFUNCTION("TRIM(INDEX(SPLIT($A34,""-""),2)) "),"마이 러블리 튀밥") -> 마이 러블리 튀밥
A35: =IFERROR(__xludf.DUMMYFUNCTION("REGEXEXTRACT(raw!A35, ""<\s*(.+?)\s*>"") "),"김풍 셰프 - 자투리타타") -> 김풍 셰프 - 자투리타타 | B35: =IFERROR(__xludf.DUMMYFUNCTION("TRIM( SUBSTITUTE( INDEX(SPLIT($A35,""-""),1), ""셰프"", """" ) ) "),"김풍") -> 김풍 | C35: =IFERROR(__xludf.DUMMYFUNCTION("TRIM(INDEX(SPLIT($A35,""-""),2)) "),"자투리타타") -> 자투리타타
A36: =IFERROR(__xludf.DUMMYFUNCTION("REGEXEXTRACT(raw!A36, ""<\s*(.+?)\s*>"") "),"정창욱 셰프 - 괜찮아, 목심이야") -> 정창욱 셰프 - 괜찮아, 목심이야 | B36: =IFERROR(__xludf.DUMMYFUNCTION("TRIM( SUBSTITUTE( INDEX(SPLIT($A36,""-""),1), ""셰프"", """" ) ) "),"정창욱") -> 정창욱 | C36: =IFERROR(__xludf.DUMMYFUNCTION("TRIM(INDEX(SPLIT($A36,""-""),2)) "),"괜찮아, 목심이야") -> 괜찮아, 목심이야
A37: =IFERROR(__xludf.DUMMYFUNCTION("REGEXEXTRACT(raw!A37, ""<\s*(.+?)\s*>"") "),"미카엘 셰프 - 마이 스위트 베이비") -> 미카엘 셰프 - 마이 스위트 베이비 | B37: =IFERROR(__xludf.DUMMYFUNCTION("TRIM( SUBSTITUTE( INDEX(SPLIT($A37,""-""),1), ""셰프"", """" ) ) "),"미카엘") -> 미카엘 | C37: =IFERROR(__xludf.DUMMYFUNCTION("TRIM(INDEX(SPLIT($A37,""-""),2)) "),"마이 스위트 베이비") -> 마이 스위트 베이비
A38: =IFERROR(__xludf.DUMMYFUNCTION("REGEXEXTRACT(raw!A38, ""<\s*(.+?)\s*>"") "),"최현석 셰프 - 어란대첩") -> 최현석 셰프 - 어란대첩 | B38: =IFERROR(__xludf.DUMMYFUNCTION("TRIM( SUBSTITUTE( INDEX(SPLIT($A38,""-""),1), ""셰프"", """" ) ) "),"최현석") -> 최현석 | C38: =IFERROR(__xludf.DUMMYFUNCTION("TRIM(INDEX(SPLIT($A38,""-""),2)) "),"어란대첩") -> 어란대첩
A39: =IFERROR(__xludf.DUMMYFUNCTION("REGEXEXTRACT(raw!A39, ""<\s*(.+?)\s*>"") "),"박준우 셰프 - 뉴타운 달팽이") -> 박준우 셰프 - 뉴타운 달팽이 | B39: =IFERROR(__xludf.DUMMYFUNCTION("TRIM( SUBSTITUTE( INDEX(SPLIT($A39,""-""),1), ""셰프"", """" ) ) "),"박준우") -> 박준우 | C39: =IFERROR(__xludf.DUMMYFUNCTION("TRIM(INDEX(SPLIT($A39,""-""),2)) "),"뉴타운 달팽이") -> 뉴타운 달팽이
A40: =IFERROR(__xludf.DUMMYFUNCTION("REGEXEXTRACT(raw!A40, ""<\s*(.+?)\s*>"") "),"홍석천 셰프 - 삼국회담") -> 홍석천 셰프 - 삼국회담 | B40: =IFERROR(__xludf.DUMMYFUNCTION("TRIM( SUBSTITUTE( INDEX(SPLIT($A40,""-""),1), ""셰프"", """" ) ) "),"홍석천") -> 홍석천 | C40: =IFERROR(__xludf.DUMMYFUNCTION("TRIM(INDEX(SPLIT($A40,""-""),2)) "),"삼국회담") -> 삼국회담
A41: =IFERROR(__xludf.DUMMYFUNCTION("REGEXEXTRACT(raw!A41, ""<\s*(.+?)\s*>"") "),"샘킴 셰프 - 로맨티스튜~♡") -> 샘킴 셰프 - 로맨티스튜~♡ | B41: =IFERROR(__xludf.DUMMYFUNCTION("TRIM( SUBSTITUTE( INDEX(SPLIT($A41,""-""),1), ""셰프"", """" ) ) "),"샘킴") -> 샘킴 | C41: =IFERROR(__xludf.DUMMYFUNCTION("TRIM(INDEX(SPLIT($A41,""-""),2)) "),"로맨티스튜~♡") -> 로맨티스튜~♡
A42: =IFERROR(__xludf.DUMMYFUNCTION("REGEXEXTRACT(raw!A42, ""<\s*(.+?)\s*>"") "),"김풍 셰프 - 섹시 한 컵") -> 김풍 셰프 - 섹시 한 컵 | B42: =IFERROR(__xludf.DUMMYFUNCTION("TRIM( SUBSTITUTE( INDEX(SPLIT($A42,""-""),1), ""셰프"", """" ) ) "),"김풍") -> 김풍 | C42: =IFERROR(__xludf.DUMMYFUNCTION("TRIM(INDEX(SPLIT($A42,""-""),2)) "),"섹시 한 컵") -> 섹시 한 컵
A43: =IFERROR(__xludf.DUMMYFUNCTION("REGEXEXTRACT(raw!A43, ""<\s*(.+?)\s*>"") "),"미카엘 셰프 - 가희에게 반하나") -> 미카엘 셰프 - 가희에게 반하나 | B43: =IFERROR(__xludf.DUMMYFUNCTION("TRIM( SUBSTITUTE( INDEX(SPLIT($A43,""-""),1), ""셰프"", """" ) ) "),"미카엘") -> 미카엘 | C43: =IFERROR(__xludf.DUMMYFUNCTION("TRIM(INDEX(SPLIT($A43,""-""),2)) "),"가희에게 반하나") -> 가희에게 반하나
A44: =IFERROR(__xludf.DUMMYFUNCTION("REGEXEXTRACT(raw!A44, ""<\s*(.+?)\s*>"") "),"정창욱 셰프 - 엑소 떡볶이") -> 정창욱 셰프 - 엑소 떡볶이 | B44: =IFERROR(__xludf.DUMMYFUNCTION("TRIM( SUBSTITUTE( INDEX(SPLIT($A44,""-""),1), ""셰프"", """" ) ) "),"정창욱") -> 정창욱 | C44: =IFERROR(__xludf.DUMMYFUNCTION("TRIM(INDEX(SPLIT($A44,""-""),2)) "),"엑소 떡볶이") -> 엑소 떡볶이
A45: =IFERROR(__xludf.DUMMYFUNCTION("REGEXEXTRACT(raw!A45, ""<\s*(.+?)\s*>"") "),"이원일 셰프 - 한 뚝볶이 하실래예?") -> 이원일 셰프 - 한 뚝볶이 하실래예? | B45: =IFERROR(__xludf.DUMMYFUNCTION("TRIM( SUBSTITUTE( INDEX(SPLIT($A45,""-""),1), ""셰프"", """" ) ) "),"이원일") -> 이원일 | C45: =IFERROR(__xludf.DUMMYFUNCTION("TRIM(INDEX(SPLIT($A45,""-""),2)) "),"한 뚝볶이 하실래예?") -> 한 뚝볶이 하실래예?
A46: =IFERROR(__xludf.DUMMYFUNCTION("REGEXEXTRACT(raw!A46, ""<\s*(.+?)\s*>"") "),"홍석천 셰프 - 굴로장생") -> 홍석천 셰프 - 굴로장생 | B46: =IFERROR(__xludf.DUMMYFUNCTION("TRIM( SUBSTITUTE( INDEX(SPLIT($A46,""-""),1), ""셰프"", """" ) ) "),"홍석천") -> 홍석천 | C46: =IFERROR(__xludf.DUMMYFUNCTION("TRIM(INDEX(SPLIT($A46,""-""),2)) "),"굴로장생") -> 굴로장생
A47: =IFERROR(__xludf.DUMMYFUNCTION("REGEXEXTRACT(raw!A47, ""<\s*(.+?)\s*>"") "),"이원일 셰프 - 낙지 호로록") -> 이원일 셰프 - 낙지 호로록 | B47: =IFERROR(__xludf.DUMMYFUNCTION("TRIM( SUBSTITUTE( INDEX(SPLIT($A47,""-""),1), ""셰프"", """" ) ) "),"이원일") -> 이원일 | C47: =IFERROR(__xludf.DUMMYFUNCTION("TRIM(INDEX(SPLIT($A47,""-""),2)) "),"낙지 호로록") -> 낙지 호로록
A48: =IFERROR(__xludf.DUMMYFUNCTION("REGEXEXTRACT(raw!A48, ""<\s*(.+?)\s*>"") "),"샘킴 셰프 - 달.고.나") -> 샘킴 셰프 - 달.고.나 | B48: =IFERROR(__xludf.DUMMYFUNCTION("TRIM( SUBSTITUTE( INDEX(SPLIT($A48,""-""),1), ""셰프"", """" ) ) "),"샘킴") -> 샘킴 | C48: =IFERROR(__xludf.DUMMYFUNCTION("TRIM(INDEX(SPLIT($A48,""-""),2)) "),"달.고.나") -> 달.고.나
A49: =IFERROR(__xludf.DUMMYFUNCTION("REGEXEXTRACT(raw!A49, ""<\s*(.+?)\s*>"") "),"미카엘 셰프 - 오순도순") -> 미카엘 셰프 - 오순도순 | B49: =IFERROR(__xludf.DUMMYFUNCTION("TRIM( SUBSTITUTE( INDEX(SPLIT($A49,""-""),1), ""셰프"", """" ) ) "),"미카엘") -> 미카엘 | C49: =IFERROR(__xludf.DUMMYFUNCTION("TRIM(INDEX(SPLIT($A49,""-""),2)) "),"오순도순") -> 오순도순
A50: =IFERROR(__xludf.DUMMYFUNCTION("REGEXEXTRACT(raw!A50, ""<\s*(.+?)\s*>"") "),"정창욱 셰프 - 굴링굴링") -> 정창욱 셰프 - 굴링굴링 | B50: =IFERROR(__xludf.DUMMYFUNCTION("TRIM( SUBSTITUTE( INDEX(SPLIT($A50,""-""),1), ""셰프"", """" ) ) "),"정창욱") -> 정창욱 | C50: =IFERROR(__xludf.DUMMYFUNCTION("TRIM(INDEX(SPLIT($A50,""-""),2)) "),"굴링굴링") -> 굴링굴링
A51: =IFERROR(__xludf.DUMMYFUNCTION("REGEXEXTRACT(raw!A51, ""<\s*(.+?)\s*>"") "),"최현석 셰프 - 보굴보굴") -> 최현석 셰프 - 보굴보굴 | B51: =IFERROR(__xludf.DUMMYFUNCTION("TRIM( SUBSTITUTE( INDEX(SPLIT($A51,""-""),1), ""셰프"", """" ) ) "),"최현석") -> 최현석 | C51: =IFERROR(__xludf.DUMMYFUNCTION("TRIM(INDEX(SPLIT($A51,""-""),2)) "),"보굴보굴") -> 보굴보굴
A52: =IFERROR(__xludf.DUMMYFUNCTION("REGEXEXTRACT(raw!A52, ""<\s*(.+?)\s*>"") "),"김풍 셰프 - 허풍찜닭밥") -> 김풍 셰프 - 허풍찜닭밥 | B52: =IFERROR(__xludf.DUMMYFUNCTION("TRIM( SUBSTITUTE( INDEX(SPLIT($A52,""-""),1), ""셰프"", """" ) ) "),"김풍") -> 김풍 | C52: =IFERROR(__xludf.DUMMYFUNCTION("TRIM(INDEX(SPLIT($A52,""-""),2)) "),"허풍찜닭밥") -> 허풍찜닭밥
A53: =IFERROR(__xludf.DUMMYFUNCTION("REGEXEXTRACT(raw!A53, ""<\s*(.+?)\s*>"") "),"박준우 셰프 - 허달달") -> 박준우 셰프 - 허달달 | B53: =IFERROR(__xludf.DUMMYFUNCTION("TRIM( SUBSTITUTE( INDEX(SPLIT($A53,""-""),1), ""셰프"", """" ) ) "),"박준우") -> 박준우 | C53: =IFERROR(__xludf.DUMMYFUNCTION("TRIM(INDEX(SPLIT($A53,""-""),2)) "),"허달달") -> 허달달
A54: =IFERROR(__xludf.DUMMYFUNCTION("REGEXEXTRACT(raw!A54, ""<\s*(.+?)\s*>"") "),"샘킴 셰프 - 파콘 투게더") -> 샘킴 셰프 - 파콘 투게더 | B54: =IFERROR(__xludf.DUMMYFUNCTION("TRIM( SUBSTITUTE( INDEX(SPLIT($A54,""-""),1), ""셰프"", """" ) ) "),"샘킴") -> 샘킴 | C54: =IFERROR(__xludf.DUMMYFUNCTION("TRIM(INDEX(SPLIT($A54,""-""),2)) "),"파콘 투게더") -> 파콘 투게더
A55: =IFERROR(__xludf.DUMMYFUNCTION("REGEXEXTRACT(raw!A55, ""<\s*(.+?)\s*>"") "),"미카엘 셰프 - 백 투 더 치킨") -> 미카엘 셰프 - 백 투 더 치킨 | B55: =IFERROR(__xludf.DUMMYFUNCTION("TRIM( SUBSTITUTE( INDEX(SPLIT($A55,""-""),1), ""셰프"", """" ) ) "),"미카엘") -> 미카엘 | C55: =IFERROR(__xludf.DUMMYFUNCTION("TRIM(INDEX(SPLIT($A55,""-""),2)) "),"백 투 더 치킨") -> 백 투 더 치킨
A56: =IFERROR(__xludf.DUMMYFUNCTION("REGEXEXTRACT(raw!A56, ""<\s*(.+?)\s*>"") "),"홍석천 셰프 - 멕시코 갓(god) 쌈?!") -> 홍석천 셰프 - 멕시코 갓(god) 쌈?! | B56: =IFERROR(__xludf.DUMMYFUNCTION("TRIM( SUBSTITUTE( INDEX(SPLIT($A56,""-""),1), ""셰프"", """" ) ) "),"홍석천") -> 홍석천 | C56: =IFERROR(__xludf.DUMMYFUNCTION("TRIM(INDEX(SPLIT($A56,""-""),2)) "),"멕시코 갓(god) 쌈?!") -> 멕시코 갓(god) 쌈?!
A57: =IFERROR(__xludf.DUMMYFUNCTION("REGEXEXTRACT(raw!A57, ""<\s*(.+?)\s*>"") "),"정창욱 셰프 - 타코 리턴") -> 정창욱 셰프 - 타코 리턴 | B57: =IFERROR(__xludf.DUMMYFUNCTION("TRIM( SUBSTITUTE( INDEX(SPLIT($A57,""-""),1), ""셰프"", """" ) ) "),"정창욱") -> 정창욱 | C57: =IFERROR(__xludf.DUMMYFUNCTION("TRIM(INDEX(SPLIT($A57,""-""),2)) "),"타코 리턴") -> 타코 리턴
A58: =IFERROR(__xludf.DUMMYFUNCTION("REGEXEXTRACT(raw!A58, ""<\s*(.+?)\s*>"") "),"이원일 셰프 - 냉장고탕") -> 이원일 셰프 - 냉장고탕 | B58: =IFERROR(__xludf.DUMMYFUNCTION("TRIM( SUBSTITUTE( INDEX(SPLIT($A58,""-""),1), ""셰프"", """" ) ) "),"이원일") -> 이원일 | C58: =IFERROR(__xludf.DUMMYFUNCTION("TRIM(INDEX(SPLIT($A58,""-""),2)) "),"냉장고탕") -> 냉장고탕
A59: =IFERROR(__xludf.DUMMYFUNCTION("REGEXEXTRACT(raw!A59, ""<\s*(.+?)\s*>"") "),"박준우 셰프 - 고된 밀푀유") -> 박준우 셰프 - 고된 밀푀유 | B59: =IFERROR(__xludf.DUMMYFUNCTION("TRIM( SUBSTITUTE( INDEX(SPLIT($A59,""-""),1), ""셰프"", """" ) ) "),"박준우") -> 박준우 | C59: =IFERROR(__xludf.DUMMYFUNCTION("TRIM(INDEX(SPLIT($A59,""-""),2)) "),"고된 밀푀유") -> 고된 밀푀유
A60: =IFERROR(__xludf.DUMMYFUNCTION("REGEXEXTRACT(raw!A60, ""<\s*(.+?)\s*>"") "),"최현석 셰프 - 안심하드라고~!") -> 최현석 셰프 - 안심하드라고~! | B60: =IFERROR(__xludf.DUMMYFUNCTION("TRIM( SUBSTITUTE( INDEX(SPLIT($A60,""-""),1), ""셰프"", """" ) ) "),"최현석") -> 최현석 | C60: =IFERROR(__xludf.DUMMYFUNCTION("TRIM(INDEX(SPLIT($A60,""-""),2)) "),"안심하드라고~!") -> 안심하드라고~!
A61: =IFERROR(__xludf.DUMMYFUNCTION("REGEXEXTRACT(raw!A61, ""<\s*(.+?)\s*>"") "),"김풍 셰프 - 미숫가루보나라") -> 김풍 셰프 - 미숫가루보나라 | B61: =IFERROR(__xludf.DUMMYFUNCTION("TRIM( SUBSTITUTE( INDEX(SPLIT($A61,""-""),1), ""셰프"", """" ) ) "),"김풍") -> 김풍 | C61: =IFERROR(__xludf.DUMMYFUNCTION("TRIM(INDEX(SPLIT($A61,""-""),2)) "),"미숫가루보나라") -> 미숫가루보나라
A62: =IFERROR(__xludf.DUMMYFUNCTION("REGEXEXTRACT(raw!A62, ""<\s*(.+?)\s*>"") "),"정창욱 셰프 - 미소볼") -> 정창욱 셰프 - 미소볼 | B62: =IFERROR(__xludf.DUMMYFUNCTION("TRIM( SUBSTITUTE( INDEX(SPLIT($A62,""-""),1), ""셰프"", """" ) ) "),"정창욱") -> 정창욱 | C62: =IFERROR(__xludf.DUMMYFUNCTION("TRIM(INDEX(SPLIT($A62,""-""),2)) "),"미소볼") -> 미소볼
A63: =IFERROR(__xludf.DUMMYFUNCTION("REGEXEXTRACT(raw!A63, ""<\s*(.+?)\s*>"") "),"김풍 셰프 - 와풍 주니어 버거") -> 김풍 셰프 - 와풍 주니어 버거 | B63: =IFERROR(__xludf.DUMMYFUNCTION("TRIM( SUBSTITUTE( INDEX(SPLIT($A63,""-""),1), ""셰프"", """" ) ) "),"김풍") -> 김풍 | C63: =IFERROR(__xludf.DUMMYFUNCTION("TRIM(INDEX(SPLIT($A63,""-""),2)) "),"와풍 주니어 버거") -> 와풍 주니어 버거
A64: =IFERROR(__xludf.DUMMYFUNCTION("REGEXEXTRACT(raw!A64, ""<\s*(.+?)\s*>"") "),"이원일 셰프 - 트리퐁크라운") -> 이원일 셰프 - 트리퐁크라운 | B64: =IFERROR(__xludf.DUMMYFUNCTION("TRIM( SUBSTITUTE( INDEX(SPLIT($A64,""-""),1), ""셰프"", """" ) ) "),"이원일") -> 이원일 | C64: =IFERROR(__xludf.DUMMYFUNCTION("TRIM(INDEX(SPLIT($A64,""-""),2)) "),"트리퐁크라운") -> 트리퐁크라운
A65: =IFERROR(__xludf.DUMMYFUNCTION("REGEXEXTRACT(raw!A65, ""<\s*(.+?)\s*>"") "),"박준우 셰프 - 라벤더숲") -> 박준우 셰프 - 라벤더숲 | B65: =IFERROR(__xludf.DUMMYFUNCTION("TRIM( SUBSTITUTE( INDEX(SPLIT($A65,""-""),1), ""셰프"", """" ) ) "),"박준우") -> 박준우 | C65: =IFERROR(__xludf.DUMMYFUNCTION("TRIM(INDEX(SPLIT($A65,""-""),2)) "),"라벤더숲") -> 라벤더숲
A66: =IFERROR(__xludf.DUMMYFUNCTION("REGEXEXTRACT(raw!A66, ""<\s*(.+?)\s*>"") "),"샘킴 - 살치는 매운 요리") -> 샘킴 - 살치는 매운 요리 | B66: =IFERROR(__xludf.DUMMYFUNCTION("TRIM(INDEX(SPLIT($A66,""-""),1)) "),"샘킴") -> 샘킴 | C66: =IFERROR(__xludf.DUMMYFUNCTION("TRIM(INDEX(SPLIT($A66,""-""),2)) "),"살치는 매운 요리") -> 살치는 매운 요리
A67: =IFERROR(__xludf.DUMMYFUNCTION("REGEXEXTRACT(raw!A67, ""<\s*(.+?)\s*>"") "),"최현석 - 삼고마비") -> 최현석 - 삼고마비 | B67: =IFERROR(__xludf.DUMMYFUNCTION("TRIM(INDEX(SPLIT($A67,""-""),1)) "),"최현석") -> 최현석 | C67: =IFERROR(__xludf.DUMMYFUNCTION("TRIM(INDEX(SPLIT($A67,""-""),2)) "),"삼고마비") -> 삼고마비
A68: =IFERROR(__xludf.DUMMYFUNCTION("REGEXEXTRACT(raw!A68, ""<\s*(.+?)\s*>"") "),"미카엘 - 가슴이 콩닭콩닭") -> 미카엘 - 가슴이 콩닭콩닭 | B68: =IFERROR(__xludf.DUMMYFUNCTION("TRIM(INDEX(SPLIT($A68,""-""),1)) "),"미카엘") -> 미카엘 | C68: =IFERROR(__xludf.DUMMYFUNCTION("TRIM(INDEX(SPLIT($A68,""-""),2)) "),"가슴이 콩닭콩닭") -> 가슴이 콩닭콩닭
A69: =IFERROR(__xludf.DUMMYFUNCTION("REGEXEXTRACT(raw!A69, ""<\s*(.+?)\s*>"") "),"홍석천 - 나 혼자 쓰리볼") -> 홍석천 - 나 혼자 쓰리볼 | B69: =IFERROR(__xludf.DUMMYFUNCTION("TRIM(INDEX(SPLIT($A69,""-""),1)) "),"홍석천") -> 홍석천 | C69: =IFERROR(__xludf.DUMMYFUNCTION("TRIM(INDEX(SPLIT($A69,""-""),2)) "),"나 혼자 쓰리볼") -> 나 혼자 쓰리볼
A70: =IFERROR(__xludf.DUMMYFUNCTION("REGEXEXTRACT(raw!A70, ""<\s*(.+?)\s*>"") "),"샘킴 - 연양만점") -> 샘킴 - 연양만점 | B70: =IFERROR(__xludf.DUMMYFUNCTION("TRIM(INDEX(SPLIT($A70,""-""),1)) "),"샘킴") -> 샘킴 | C70: =IFERROR(__xludf.DUMMYFUNCTION("TRIM(INDEX(SPLIT($A70,""-""),2)) "),"연양만점") -> 연양만점
A71: =IFERROR(__xludf.DUMMYFUNCTION("REGEXEXTRACT(raw!A71, ""<\s*(.+?)\s*>"") "),"정창욱 - 의기양양") -> 정창욱 - 의기양양 | B71: =IFERROR(__xludf.DUMMYFUNCTION("TRIM(INDEX(SPLIT($A71,""-""),1)) "),"정창욱") -> 정창욱 | C71: =IFERROR(__xludf.DUMMYFUNCTION("TRIM(INDEX(SPLIT($A71,""-""),2)) "),"의기양양") -> 의기양양
A72: =IFERROR(__xludf.DUMMYFUNCTION("REGEXEXTRACT(raw!A72, ""<\s*(.+?)\s*>"") "),"이원일 - 감자봤수란") -> 이원일 - 감자봤수란 | B72: =IFERROR(__xludf.DUMMYFUNCTION("TRIM(INDEX(SPLIT($A72,""-""),1)) "),"이원일") -> 이원일 | C72: =IFERROR(__xludf.DUMMYFUNCTION("TRIM(INDEX(SPLIT($A72,""-""),2)) "),"감자봤수란") -> 감자봤수란
A73: =IFERROR(__xludf.DUMMYFUNCTION("REGEXEXTRACT(raw!A73, ""<\s*(.+?)\s*>"") "),"김풍 - 미치고 팔닭") -> 김풍 - 미치고 팔닭 | B73: =IFERROR(__xludf.DUMMYFUNCTION("TRIM(INDEX(SPLIT($A73,""-""),1)) "),"김풍") -> 김풍 | C73: =IFERROR(__xludf.DUMMYFUNCTION("TRIM(INDEX(SPLIT($A73,""-""),2)) "),"미치고 팔닭") -> 미치고 팔닭
A74: =IFERROR(__xludf.DUMMYFUNCTION("REGEXEXTRACT(raw!A74, ""<\s*(.+?)\s*>"") "),"박준우 - 2연타") -> 박준우 - 2연타 | B74: =IFERROR(__xludf.DUMMYFUNCTION("TRIM(INDEX(SPLIT($A74,""-""),1)) "),"박준우") -> 박준우 | C74: =IFERROR(__xludf.DUMMYFUNCTION("TRIM(INDEX(SPLIT($A74,""-""),2)) "),"2연타") -> 2연타
A75: =IFERROR(__xludf.DUMMYFUNCTION("REGEXEXTRACT(raw!A75, ""<\s*(.+?)\s*>"") "),"홍석천 - 홍런볼") -> 홍석천 - 홍런볼 | B75: =IFERROR(__xludf.DUMMYFUNCTION("TRIM(INDEX(SPLIT($A75,""-""),1)) "),"홍석천") -> 홍석천 | C75: =IFERROR(__xludf.DUMMYFUNCTION("TRIM(INDEX(SPLIT($A75,""-""),2)) "),"홍런볼") -> 홍런볼
A76: =IFERROR(__xludf.DUMMYFUNCTION("REGEXEXTRACT(raw!A76, ""<\s*(.+?)\s*>"") "),"미카엘 - 비어 쉬림프") -> 미카엘 - 비어 쉬림프 | B76: =IFERROR(__xludf.DUMMYFUNCTION("TRIM(INDEX(SPLIT($A76,""-""),1)) "),"미카엘") -> 미카엘 | C76: =IFERROR(__xludf.DUMMYFUNCTION("TRIM(INDEX(SPLIT($A76,""-""),2)) "),"비어 쉬림프") -> 비어 쉬림프
A77: =IFERROR(__xludf.DUMMYFUNCTION("REGEXEXTRACT(raw!A77, ""<\s*(.+?)\s*>"") "),"최현석 - 치튀치튀뱅뱅") -> 최현석 - 치튀치튀뱅뱅 | B77: =IFERROR(__xludf.DUMMYFUNCTION("TRIM(INDEX(SPLIT($A77,""-""),1)) "),"최현석") -> 최현석 | C77: =IFERROR(__xludf.DUMMYFUNCTION("TRIM(INDEX(SPLIT($A77,""-""),2)) "),"치튀치튀뱅뱅") -> 치튀치튀뱅뱅
A78: =IFERROR(__xludf.DUMMYFUNCTION("REGEXEXTRACT(raw!A78, ""<\s*(.+?)\s*>"") "),"이원일 - 사우나 육국수") -> 이원일 - 사우나 육국수 | B78: =IFERROR(__xludf.DUMMYFUNCTION("TRIM(INDEX(SPLIT($A78,""-""),1)) "),"이원일") -> 이원일 | C78: =IFERROR(__xludf.DUMMYFUNCTION("TRIM(INDEX(SPLIT($A78,""-""),2)) "),"사우나 육국수") -> 사우나 육국수
A79: =IFERROR(__xludf.DUMMYFUNCTION("REGEXEXTRACT(raw!A79, ""<\s*(.+?)\s*>"") "),"이연복 - 완소짬뽕") -> 이연복 - 완소짬뽕 | B79: =IFERROR(__xludf.DUMMYFUNCTION("TRIM(INDEX(SPLIT($A79,""-""),1)) "),"이연복") -> 이연복 | C79: =IFERROR(__xludf.DUMMYFUNCTION("TRIM(INDEX(SPLIT($A79,""-""),2)) "),"완소짬뽕") -> 완소짬뽕
A80: =IFERROR(__xludf.DUMMYFUNCTION("REGEXEXTRACT(raw!A80, ""<\s*(.+?)\s*>"") "),"홍석천 - 털업 샐러드") -> 홍석천 - 털업 샐러드 | B80: =IFERROR(__xludf.DUMMYFUNCTION("TRIM(INDEX(SPLIT($A80,""-""),1)) "),"홍석천") -> 홍석천 | C80: =IFERROR(__xludf.DUMMYFUNCTION("TRIM(INDEX(SPLIT($A80,""-""),2)) "),"털업 샐러드") -> 털업 샐러드
A81: =IFERROR(__xludf.DUMMYFUNCTION("REGEXEXTRACT(raw!A81, ""<\s*(.+?)\s*>"") "),"정창욱 - 하우 두 유두?") -> 정창욱 - 하우 두 유두? | B81: =IFERROR(__xludf.DUMMYFUNCTION("TRIM(INDEX(SPLIT($A81,""-""),1)) "),"정창욱") -> 정창욱 | C81: =IFERROR(__xludf.DUMMYFUNCTION("TRIM(INDEX(SPLIT($A81,""-""),2)) "),"하우 두 유두?") -> 하우 두 유두?
A82: =IFERROR(__xludf.DUMMYFUNCTION("REGEXEXTRACT(raw!A82, ""<\s*(.+?)\s*>"") "),"김풍 - 치즈 듬풍 토스트") -> 김풍 - 치즈 듬풍 토스트 | B82: =IFERROR(__xludf.DUMMYFUNCTION("TRIM(INDEX(SPLIT($A82,""-""),1)) "),"김풍") -> 김풍 | C82: =IFERROR(__xludf.DUMMYFUNCTION("TRIM(INDEX(SPLIT($A82,""-""),2)) "),"치즈 듬풍 토스트") -> 치즈 듬풍 토스트
A83: =IFERROR(__xludf.DUMMYFUNCTION("REGEXEXTRACT(raw!A83, ""<\s*(.+?)\s*>"") "),"샘킴 - 샘 앤 치즈 그라탱") -> 샘킴 - 샘 앤 치즈 그라탱 | B83: =IFERROR(__xludf.DUMMYFUNCTION("TRIM(INDEX(SPLIT($A83,""-""),1)) "),"샘킴") -> 샘킴 | C83: =IFERROR(__xludf.DUMMYFUNCTION("TRIM(INDEX(SPLIT($A83,""-""),2)) "),"샘 앤 치즈 그라탱") -> 샘 앤 치즈 그라탱
A84: =IFERROR(__xludf.DUMMYFUNCTION("REGEXEXTRACT(raw!A84, ""<\s*(.+?)\s*>"") "),"미카엘 - 베리베리 러블리걸") -> 미카엘 - 베리베리 러블리걸 | B84: =IFERROR(__xludf.DUMMYFUNCTION("TRIM(INDEX(SPLIT($A84,""-""),1)) "),"미카엘") -> 미카엘 | C84: =IFERROR(__xludf.DUMMYFUNCTION("TRIM(INDEX(SPLIT($A84,""-""),2)) "),"베리베리 러블리걸") -> 베리베리 러블리걸
A85: =IFERROR(__xludf.DUMMYFUNCTION("REGEXEXTRACT(raw!A85, ""<\s*(.+?)\s*>"") "),"박준우 - LOL : The love of your life") -> 박준우 - LOL : The love of your life | B85: =IFERROR(__xludf.DUMMYFUNCTION("TRIM(INDEX(SPLIT($A85,""-""),1)) "),"박준우") -> 박준우 | C85: =IFERROR(__xludf.DUMMYFUNCTION("TRIM(INDEX(SPLIT($A85,""-""),2)) "),"LOL : The love of your life") -> LOL : The love of your life
A86: =IFERROR(__xludf.DUMMYFUNCTION("REGEXEXTRACT(raw!A86, ""<\s*(.+?)\s*>"") "),"정창욱 - 순결한 튀김") -> 정창욱 - 순결한 튀김 | B86: =IFERROR(__xludf.DUMMYFUNCTION("TRIM(INDEX(SPLIT($A86,""-""),1)) "),"정창욱") -> 정창욱 | C86: =IFERROR(__xludf.DUMMYFUNCTION("TRIM(INDEX(SPLIT($A86,""-""),2)) "),"순결한 튀김") -> 순결한 튀김
A87: =IFERROR(__xludf.DUMMYFUNCTION("REGEXEXTRACT(raw!A87, ""<\s*(.+?)\s*>"") "),"이연복 - 고기 차이나") -> 이연복 - 고기 차이나 | B87: =IFERROR(__xludf.DUMMYFUNCTION("TRIM(INDEX(SPLIT($A87,""-""),1)) "),"이연복") -> 이연복 | C87: =IFERROR(__xludf.DUMMYFUNCTION("TRIM(INDEX(SPLIT($A87,""-""),2)) "),"고기 차이나") -> 고기 차이나
A88: =IFERROR(__xludf.DUMMYFUNCTION("REGEXEXTRACT(raw!A88, ""<\s*(.+?)\s*>"") "),"김풍 - 힘을 내요 슈퍼 나베") -> 김풍 - 힘을 내요 슈퍼 나베 | B88: =IFERROR(__xludf.DUMMYFUNCTION("TRIM(INDEX(SPLIT($A88,""-""),1)) "),"김풍") -> 김풍 | C88: =IFERROR(__xludf.DUMMYFUNCTION("TRIM(INDEX(SPLIT($A88,""-""),2)) "),"힘을 내요 슈퍼 나베") -> 힘을 내요 슈퍼 나베
A89: =IFERROR(__xludf.DUMMYFUNCTION("REGEXEXTRACT(raw!A89, ""<\s*(.+?)\s*>"") "),"미카엘 - 소테미너") -> 미카엘 - 소테미너 | B89: =IFERROR(__xludf.DUMMYFUNCTION("TRIM(INDEX(SPLIT($A89,""-""),1)) "),"미카엘") -> 미카엘 | C89: =IFERROR(__xludf.DUMMYFUNCTION("TRIM(INDEX(SPLIT($A89,""-""),2)) "),"소테미너") -> 소테미너
A90: =IFERROR(__xludf.DUMMYFUNCTION("REGEXEXTRACT(raw!A90, ""<\s*(.+?)\s*>"") "),"이원일 - 초코 모찌 맛있찌") -> 이원일 - 초코 모찌 맛있찌 | B90: =IFERROR(__xludf.DUMMYFUNCTION("TRIM(INDEX(SPLIT($A90,""-""),1)) "),"이원일") -> 이원일 | C90: =IFERROR(__xludf.DUMMYFUNCTION("TRIM(INDEX(SPLIT($A90,""-""),2)) "),"초코 모찌 맛있찌") -> 초코 모찌 맛있찌
A91: =IFERROR(__xludf.DUMMYFUNCTION("REGEXEXTRACT(raw!A91, ""<\s*(.+?)\s*>"") "),"최현석 - 수플레가 머랭?") -> 최현석 - 수플레가 머랭? | B91: =IFERROR(__xludf.DUMMYFUNCTION("TRIM(INDEX(SPLIT($A91,""-""),1)) "),"최현석") -> 최현석 | C91: =IFERROR(__xludf.DUMMYFUNCTION("TRIM(INDEX(SPLIT($A91,""-""),2)) "),"수플레가 머랭?") -> 수플레가 머랭?
A92: =IFERROR(__xludf.DUMMYFUNCTION("REGEXEXTRACT(raw!A92, ""<\s*(.+?)\s*>"") "),"박준우 - 그.레.요 (그대를 위한 레토르트 요리)") -> 박준우 - 그.레.요 (그대를 위한 레토르트 요리) | B92: =IFERROR(__xludf.DUMMYFUNCTION("TRIM(INDEX(SPLIT($A92,""-""),1)) "),"박준우") -> 박준우 | C92: =IFERROR(__xludf.DUMMYFUNCTION("TRIM(INDEX(SPLIT($A92,""-""),2)) "),"그.레.요 (그대를 위한 레토르트 요리)") -> 그.레.요 (그대를 위한 레토르트 요리)
A93: =IFERROR(__xludf.DUMMYFUNCTION("REGEXEXTRACT(raw!A93, ""<\s*(.+?)\s*>"") "),"홍석천 - 수픈데 오믈렛") -> 홍석천 - 수픈데 오믈렛 | B93: =IFERROR(__xludf.DUMMYFUNCTION("TRIM(INDEX(SPLIT($A93,""-""),1)) "),"홍석천") -> 홍석천 | C93: =IFERROR(__xludf.DUMMYFUNCTION("TRIM(INDEX(SPLIT($A93,""-""),2)) "),"수픈데 오믈렛") -> 수픈데 오믈렛
A94: =IFERROR(__xludf.DUMMYFUNCTION("REGEXEXTRACT(raw!A94, ""<\s*(.+?)\s*>"") "),"박준우 - 빠리송로") -> 박준우 - 빠리송로 | B94: =IFERROR(__xludf.DUMMYFUNCTION("TRIM(INDEX(SPLIT($A94,""-""),1)) "),"박준우") -> 박준우 | C94: =IFERROR(__xludf.DUMMYFUNCTION("TRIM(INDEX(SPLIT($A94,""-""),2)) "),"빠리송로") -> 빠리송로
A95: =IFERROR(__xludf.DUMMYFUNCTION("REGEXEXTRACT(raw!A95, ""<\s*(.+?)\s*>"") "),"샘킴 - 머라노") -> 샘킴 - 머라노 | B95: =IFERROR(__xludf.DUMMYFUNCTION("TRIM(INDEX(SPLIT($A95,""-""),1)) "),"샘킴") -> 샘킴 | C95: =IFERROR(__xludf.DUMMYFUNCTION("TRIM(INDEX(SPLIT($A95,""-""),2)) "),"머라노") -> 머라노
A96: =IFERROR(__xludf.DUMMYFUNCTION("REGEXEXTRACT(raw!A96, ""<\s*(.+?)\s*>"") "),"미카엘 - 파프리콘") -> 미카엘 - 파프리콘 | B96: =IFERROR(__xludf.DUMMYFUNCTION("TRIM(INDEX(SPLIT($A96,""-""),1)) "),"미카엘") -> 미카엘 | C96: =IFERROR(__xludf.DUMMYFUNCTION("TRIM(INDEX(SPLIT($A96,""-""),2)) "),"파프리콘") -> 파프리콘
A97: =IFERROR(__xludf.DUMMYFUNCTION("REGEXEXTRACT(raw!A97, ""<\s*(.+?)\s*>"") "),"정창욱 - 섬섬옥수수") -> 정창욱 - 섬섬옥수수 | B97: =IFERROR(__xludf.DUMMYFUNCTION("TRIM(INDEX(SPLIT($A97,""-""),1)) "),"정창욱") -> 정창욱 | C97: =IFERROR(__xludf.DUMMYFUNCTION("TRIM(INDEX(SPLIT($A97,""-""),2)) "),"섬섬옥수수") -> 섬섬옥수수
A98: =IFERROR(__xludf.DUMMYFUNCTION("REGEXEXTRACT(raw!A98, ""<\s*(.+?)\s*>"") "),"최현석 - 스푼 파스타") -> 최현석 - 스푼 파스타 | B98: =IFERROR(__xludf.DUMMYFUNCTION("TRIM(INDEX(SPLIT($A98,""-""),1)) "),"최현석") -> 최현석 | C98: =IFERROR(__xludf.DUMMYFUNCTION("TRIM(INDEX(SPLIT($A98,""-""),2)) "),"스푼 파스타") -> 스푼 파스타
A99: =IFERROR(__xludf.DUMMYFUNCTION("REGEXEXTRACT(raw!A99, ""<\s*(.+?)\s*>"") "),"이연복 - 연복쌈") -> 이연복 - 연복쌈 | B99: =IFERROR(__xludf.DUMMYFUNCTION("TRIM(INDEX(SPLIT($A99,""-""),1)) "),"이연복") -> 이연복 | C99: =IFERROR(__xludf.DUMMYFUNCTION("TRIM(INDEX(SPLIT($A99,""-""),2)) "),"연복쌈") -> 연복쌈
A100: =IFERROR(__xludf.DUMMYFUNCTION("REGEXEXTRACT(raw!A100, ""<\s*(.+?)\s*>"") "),"김풍 - 갈갈이 풍면") -> 김풍 - 갈갈이 풍면 | B100: =IFERROR(__xludf.DUMMYFUNCTION("TRIM(INDEX(SPLIT($A100,""-""),1)) "),"김풍") -> 김풍 | C100: =IFERROR(__xludf.DUMMYFUNCTION("TRIM(INDEX(SPLIT($A100,""-""),2)) "),"갈갈이 풍면") -> 갈갈이 풍면
...

Sheet step
A1: recipe_title | B1: step_text
A2: =recipe!C2 -> 치킨 밀푀유 | B2: =IFERROR(__xludf.DUMMYFUNCTION("TRIM( REGEXEXTRACT( raw!A2, ""(?s)●\s*조리 방법(.*)"" ) ) "),"1. 파프리카, 양배추, 슬라이스 햄을 썰어서 볶는다. 2. 닭가슴살에 소금, 후추를 뿌린 후 팬에 굽고, 잠시 식힌 후 얇게 포를 뜬다. 3. 포를 뜬 가슴살, 볶은 채소와 햄, 치즈, 토마토소스를 켜켜이 쌓는다. *동시에 작은 프라이팬에 크림과 가루치즈를 붓고 약불에 끓여 놓는다 4. 오븐에 5분간 굽고 홀그레인 머스터드, 크림소스, 구운 바게트를 곁들인다.") -> 1. 파프리카, 양배추, 슬라이스 햄을 썰어서 볶는다. 2. 닭가슴살에 소금, 후추를 뿌린 후 팬에 굽고, 잠시 식힌 후 얇게 포를 뜬다. 3. 포를 뜬 가슴살, 볶은 채소와 햄, 치즈, 토마토소스를 켜켜이 쌓는다. *동시에 작은 프라이팬에 크림과 가루치즈를 붓고 약불에 끓여 놓는다 4. 오븐에 5분간 굽고 홀그레인 머스터드, 크림소스, 구운 바게트를 곁들인다.
A3: =recipe!C3 -> 취닭거리 | B3: =IFERROR(__xludf.DUMMYFUNCTION("TRIM( REGEXEXTRACT( raw!A3, ""(?s)●\s*조리 방법(.*)"" ) ) "),"1. 살을 발라낸 족발에 버터, 라조장을 넣고 볶는다. 2. 취두부를 팬에서 익힌다. 3. 해동한 닭죽과 볶은 족발, 취두부를 함께 곁들인다.") -> 1. 살을 발라낸 족발에 버터, 라조장을 넣고 볶는다. 2. 취두부를 팬에서 익힌다. 3. 해동한 닭죽과 볶은 족발, 취두부를 함께 곁들인다.
A4: =recipe!C4 -> 닭딸 | B4: =IFERROR(__xludf.DUMMYFUNCTION("TRIM( REGEXEXTRACT( raw!A4, ""(?s)●\s*조리 방법(.*)"" ) ) "),"1. 복분자를 가열하다가 우유와 레몬즙을 넣고 졸인다. 2. 바케트는 썰어서 팬에 굽는다. 3. 소금 후추로 간을 한 닭가슴살을 마늘과 함께 굽는다. 4. 구운 닭가슴살에 복분자 소스와 바게트를 함께 곁들인다.") -> 1. 복분자를 가열하다가 우유와 레몬즙을 넣고 졸인다. 2. 바케트는 썰어서 팬에 굽는다. 3. 소금 후추로 간을 한 닭가슴살을 마늘과 함께 굽는다. 4. 구운 닭가슴살에 복분자 소스와 바게트를 함께 곁들인다.
A5: =recipe!C5 -> 어머니 맛 풍족밥 | B5: =IFERROR(__xludf.DUMMYFUNCTION("TRIM( REGEXEXTRACT( raw!A5, ""(?s)●\s*조리 방법(.*)"" ) ) "),"1. 살을 발라낸 치킨, 족발에 두반장, 라조장, 유자청 을 넣고 볶는다. 2. 어느 정도 볶다가 밀가루(또는 녹말)를 물에 풀어 좀 더 볶아내면 완성. 3. 뜨거운 밥에 끼얹어 먹는다.") -> 1. 살을 발라낸 치킨, 족발에 두반장, 라조장, 유자청 을 넣고 볶는다. 2. 어느 정도 볶다가 밀가루(또는 녹말)를 물에 풀어 좀 더 볶아내면 완성. 3. 뜨거운 밥에 끼얹어 먹는다.
A6: =recipe!C6 -> 치킨 요로케 | B6: =IFERROR(__xludf.DUMMYFUNCTION("TRIM( REGEXEXTRACT( raw!A6, ""(?s)●\s*조리 방법(.*)"" ) ) "),"1. 얇게 저민 닭가슴살에 소금, 후추를 뿌리고 밀가루를 묻혀 굽는다. 2. 잘게 썰은 양파와 슬라이스 햄을 함께 볶는다. 3. 토마토 소스에 구운 닭가슴살, 파마산 치즈, 모짜렐라 치즈를 넣고 가열한다. 4. 마지막으로 올리브유를 뿌려준다.") -> 1. 얇게 저민 닭가슴살에 소금, 후추를 뿌리고 밀가루를 묻혀 굽는다. 2. 잘게 썰은 양파와 슬라이스 햄을 함께 볶는다. 3. 토마토 소스에 구운 닭가슴살, 파마산 치즈, 모짜렐라 치즈를 넣고 가열한다. 4. 마지막으로 올리브유를 뿌려준다.
A7: =recipe!C7 -> 포크 미트볼 | B7: =IFERROR(__xludf.DUMMYFUNCTION("TRIM( REGEXEXTRACT( raw!A7, ""(?s)●\s*조리 방법(.*)"" ) ) "),"1. 믹서에 갈은 김치와 달걀 물을 섞어서 스크램블을 만든다. 2. 갈은 통조림 햄을 넓게 편 후 1을 넣고 말아준다. 3. 겉에 달걀 물을 뭍이고 팬에서 익혀준다. 4. 접시에 밥과 함께 곁들여 낸다.") -> 1. 믹서에 갈은 김치와 달걀 물을 섞어서 스크램블을 만든다. 2. 갈은 통조림 햄을 넓게 편 후 1을 넣고 말아준다. 3. 겉에 달걀 물을 뭍이고 팬에서 익혀준다. 4. 접시에 밥과 함께 곁들여 낸다.
A8: =recipe!C8 -> 만두부인 육수터졌네 | B8: =IFERROR(__xludf.DUMMYFUNCTION("TRIM( REGEXEXTRACT( raw!A8, ""(?s)●\s*조리 방법(.*)"" ) ) "),"① 뜨거운 팬에 올리브 오일을 두르고 다진 마늘을 볶다가 냉동만두를 굽는다. ② 겉은 바삭하게 구운 다음 버터를 조금 넣고 사골육수를 넣어 졸인다. ③ 졸여지면 발사믹 소스와 고추냉이, 토마토를 함께 넣어 볶는다. ④ 접시에 만두, 토마토 순으로 올리고 프로슈토 햄과 그뤼에르 치즈를 위에 토핑한다.") -> ① 뜨거운 팬에 올리브 오일을 두르고 다진 마늘을 볶다가 냉동만두를 굽는다. ② 겉은 바삭하게 구운 다음 버터를 조금 넣고 사골육수를 넣어 졸인다. ③ 졸여지면 발사믹 소스와 고추냉이, 토마토를 함께 넣어 볶는다. ④ 접시에 만두, 토마토 순으로 올리고 프로슈토 햄과 그뤼에르 치즈를 위에 토핑한다.
A9: =recipe!C9 -> 심쿵 오믈렛 | B9: =IFERROR(__xludf.DUMMYFUNCTION("TRIM( REGEXEXTRACT( raw!A9, ""(?s)●\s*조리 방법(.*)"" ) ) "),"① 달걀을 풀어놓는다. ② 프라이팬에 오일을 두르고 소금 후추 간을 한 연어를 굽는다. ③ 양파잼과 다진 브로콜리를 넣고 함께 굽는다. ④ 버터를 두른 팬에 풀어놓은 계란을 넣어 반숙으로 익힌다. (* 스크램블 에그 만들 듯이 약간 저어주며 익힌다) ⑤ 반숙으로 익힌 오믈렛에 구운 연어와 야채를 넣고 반으로 접는다. ⑥ 접시에 올리고 케찹을 뿌린다.") -> ① 달걀을 풀어놓는다. ② 프라이팬에 오일을 두르고 소금 후추 간을 한 연어를 굽는다. ③ 양파잼과 다진 브로콜리를 넣고 함께 굽는다. ④ 버터를 두른 팬에 풀어놓은 계란을 넣어 반숙으로 익힌다. (* 스크램블 에그 만들 듯이 약간 저어주며 익힌다) ⑤ 반숙으로 익힌 오믈렛에 구운 연어와 야채를 넣고 반으로 접는다. ⑥ 접시에 올리고 케찹을 뿌린다.
A10: =recipe!C10 -> 엔초비 파스타 | B10: =IFERROR(__xludf.DUMMYFUNCTION("TRIM( REGEXEXTRACT( raw!A10, ""(?s)●\s*조리 방법(.*)"" ) ) "),"① 올리브 오일에 파슬리와 다진 마늘, 찢은 바게트 빵을 섞어 프라이팬에 굽는다. ② 끓는 물에 파스타면을 삶는다. ③ 프라이팬에 올리브 오일을 두르고 애호박, 엔초비, 페페로치노, 파슬리를 넣어 볶는다. ④ 익은 파스타면을 팬으로 옮겨 모든 재료를 함께 볶는다. (기호에 따라 버터를 조금 넣는다.)") -> ① 올리브 오일에 파슬리와 다진 마늘, 찢은 바게트 빵을 섞어 프라이팬에 굽는다. ② 끓는 물에 파스타면을 삶는다. ③ 프라이팬에 올리브 오일을 두르고 애호박, 엔초비, 페페로치노, 파슬리를 넣어 볶는다. ④ 익은 파스타면을 팬으로 옮겨 모든 재료를 함께 볶는다. (기호에 따라 버터를 조금 넣는다.)
A11: =recipe!C11 -> 고기와 썸타는 떡국떡 삼합 | B11: =IFERROR(__xludf.DUMMYFUNCTION("TRIM( REGEXEXTRACT( raw!A11, ""(?s)●\s*조리 방법(.*)"" ) ) "),"① 맥주와 삼겹살을 한 번에 넣고 삶는다. ② 들기름 두른 팬에 김치를 볶다가 방울토마토 간 것, 케찹, 고추장을 넣고 볶는다. ③ 기름 두른 팬에 떡국떡을 굽는다. ④ 접시에 적당한 크기로 자른 삼겹살과 김치, 구운 떡국떡을 담아낸다.") -> ① 맥주와 삼겹살을 한 번에 넣고 삶는다. ② 들기름 두른 팬에 김치를 볶다가 방울토마토 간 것, 케찹, 고추장을 넣고 볶는다. ③ 기름 두른 팬에 떡국떡을 굽는다. ④ 접시에 적당한 크기로 자른 삼겹살과 김치, 구운 떡국떡을 담아낸다.
A12: =recipe!C12 -> 와닭 | B12: =IFERROR(__xludf.DUMMYFUNCTION("TRIM( REGEXEXTRACT( raw!A12, ""(?s)●\s*조리 방법(.*)"" ) ) "),"① 생닭을 해체한다. (껍질과 뼈는 사용하지 않는다.) ② 양파를 채 썰고, 마늘을 편 썬다. ③ 팬에 오일을 두르고 해체한 닭을 굽는다. ④ 다른 팬에 마늘과 양파를 넣고 볶다가 아티초크를 넣어 함께 볶는다. ⑤ 닭을 굽던 팬에 토마토 소스와 야채들을 넣어 함께 볶는다. ⑥ 적포도의 씨를 발라 프라이팬에 볶다가 모든재료를 함께 볶고 사골육수를 조금 넣어 익힌다.") -> ① 생닭을 해체한다. (껍질과 뼈는 사용하지 않는다.) ② 양파를 채 썰고, 마늘을 편 썬다. ③ 팬에 오일을 두르고 해체한 닭을 굽는다. ④ 다른 팬에 마늘과 양파를 넣고 볶다가 아티초크를 넣어 함께 볶는다. ⑤ 닭을 굽던 팬에 토마토 소스와 야채들을 넣어 함께 볶는다. ⑥ 적포도의 씨를 발라 프라이팬에 볶다가 모든재료를 함께 볶고 사골육수를 조금 넣어 익힌다.
A13: =recipe!C13 -> 브로콜리 치킨 | B13: =IFERROR(__xludf.DUMMYFUNCTION("TRIM( REGEXEXTRACT( raw!A13, ""(?s)●\s*조리 방법(.*)"" ) ) "),"① 브로콜리를 잘라서 소금 넣은 물에 데친 후 다진다. ② 방울토마토를 반으로 자르고 파프리카를 채썬다. ③ 닭가슴살을 반으로 갈라 소금 후추 간을 한 후 데친 브로콜리와 치즈를 넣고 이쑤시개로 고정해 굽는다. ④ 같은 팬에 파프리카와 방울토마토를 넣어 함께 익힌다. ⑤ 버터를 조금 넣고 물을 약간 부어 뚜껑을 덮어 익힌다. ⑥ 고춧가루를 조금 뿌린다.") -> ① 브로콜리를 잘라서 소금 넣은 물에 데친 후 다진다. ② 방울토마토를 반으로 자르고 파프리카를 채썬다. ③ 닭가슴살을 반으로 갈라 소금 후추 간을 한 후 데친 브로콜리와 치즈를 넣고 이쑤시개로 고정해 굽는다. ④ 같은 팬에 파프리카와 방울토마토를 넣어 함께 익힌다. ⑤ 버터를 조금 넣고 물을 약간 부어 뚜껑을 덮어 익힌다. ⑥ 고춧가루를 조금 뿌린다.
A14: =recipe!C14 -> 삼겹살 플레이트 | B14: =IFERROR(__xludf.DUMMYFUNCTION("TRIM( REGEXEXTRACT( raw!A14, ""(?s)●\s*조리 방법(.*)"" ) ) "),"① 삼겹살을 썰어서 소금후추 간을 해서 굽는다. ② 다른 팬에 버터와 통마늘, 채 썬 양파를 넣어 볶다가 간장, 미림, 다진생강, 다진마늘, 커피가루를 넣어 끓인다. ③ 삼겹살에 청주를 넣어 끓이다가 건져 야채와 함께 섞는다 ④ 채 썬 알배추를 듬뿍 넣고 뚜껑을 덮어 숨을 죽인다. ⑤ 아이스크림 스쿱으로 밥을 담고 익은 고기와 채소를 얹어 낸다.") -> ① 삼겹살을 썰어서 소금후추 간을 해서 굽는다. ② 다른 팬에 버터와 통마늘, 채 썬 양파를 넣어 볶다가 간장, 미림, 다진생강, 다진마늘, 커피가루를 넣어 끓인다. ③ 삼겹살에 청주를 넣어 끓이다가 건져 야채와 함께 섞는다 ④ 채 썬 알배추를 듬뿍 넣고 뚜껑을 덮어 숨을 죽인다. ⑤ 아이스크림 스쿱으로 밥을 담고 익은 고기와 채소를 얹어 낸다.
A15: =recipe!C15 -> 강남비빔면 | B15: =IFERROR(__xludf.DUMMYFUNCTION("TRIM( REGEXEXTRACT( raw!A15, ""(?s)●\s*조리 방법(.*)"" ) ) "),"① 삼겹살을 잘게 썰어서 기름에 바삭하게 튀긴다 ② 고추장과 딸기잼, 참기름, 고추냉이를 섞는다 ③ 끓는 물에 칼국수면을 삶는다 (넘칠 때쯤 찬물을 한 번 넣어 쫄깃함을 더한다) ④ 물에 씻은 새우젓을 기름에 튀긴다 ⑤ 익은 면을 찬물에 씻고 소스와 버무려 접시에 담은 뒤 튀긴 삼겹살과 새우젓, 오렌지를 토핑한다.") -> ① 삼겹살을 잘게 썰어서 기름에 바삭하게 튀긴다 ② 고추장과 딸기잼, 참기름, 고추냉이를 섞는다 ③ 끓는 물에 칼국수면을 삶는다 (넘칠 때쯤 찬물을 한 번 넣어 쫄깃함을 더한다) ④ 물에 씻은 새우젓을 기름에 튀긴다 ⑤ 익은 면을 찬물에 씻고 소스와 버무려 접시에 담은 뒤 튀긴 삼겹살과 새우젓, 오렌지를 토핑한다.
A16: =recipe!C16 -> 나 또 브리또 | B16: =IFERROR(__xludf.DUMMYFUNCTION("TRIM( REGEXEXTRACT( raw!A16, ""(?s)●\s*조리 방법(.*)"" ) ) "),"① 간장, 미림, 다진마늘, 후추, 어슷 썬 대파, 타이칠리소스, 낫토를 섞은 것에 샤브샤브용 고기를 넣어 재운다. ② 냉동새우볶음밥에 낫토, 버터를 넣어 볶는다. ③ 플레인 요거트와 레몬즙을 섞어 사워크림을 만들고 낫토를 잘게 다져 넣는다. ④ 또띠아를 팬에 굽고 다른 팬에 고기를 익힌다. ⑤ 또띠아 위에 볶음밥과 고기, 크림과 어슷썬 파를 얹어 낸다.") -> ① 간장, 미림, 다진마늘, 후추, 어슷 썬 대파, 타이칠리소스, 낫토를 섞은 것에 샤브샤브용 고기를 넣어 재운다. ② 냉동새우볶음밥에 낫토, 버터를 넣어 볶는다. ③ 플레인 요거트와 레몬즙을 섞어 사워크림을 만들고 낫토를 잘게 다져 넣는다. ④ 또띠아를 팬에 굽고 다른 팬에 고기를 익힌다. ⑤ 또띠아 위에 볶음밥과 고기, 크림과 어슷썬 파를 얹어 낸다.
A17: =recipe!C17 -> 갸루상 케이크 | B17: =IFERROR(__xludf.DUMMYFUNCTION("TRIM( REGEXEXTRACT( raw!A17, ""(?s)●\s*조리 방법(.*)"" ) ) "),"① 달걀의 흰자와 노른자를 분리한다. ② 노른자 2개와 설탕, 우유, 바닐라 아이스크림, 밀가루를 넣어 섞고 커스터드 크림이 될 때까지 전자렌지에 3분 간격으로 돌린다. ③ 또띠아를 6등분 해 기름에 튀겨낸다. ④ 튀긴 또띠아 위에 커스터드 크림을 층층이 올리고 반으로 자른 딸기를 토핑한다.") -> ① 달걀의 흰자와 노른자를 분리한다. ② 노른자 2개와 설탕, 우유, 바닐라 아이스크림, 밀가루를 넣어 섞고 커스터드 크림이 될 때까지 전자렌지에 3분 간격으로 돌린다. ③ 또띠아를 6등분 해 기름에 튀겨낸다. ④ 튀긴 또띠아 위에 커스터드 크림을 층층이 올리고 반으로 자른 딸기를 토핑한다.
A18: =recipe!C18 -> PLETKA | B18: =IFERROR(__xludf.DUMMYFUNCTION("TRIM( REGEXEXTRACT( raw!A18, ""(?s)●\s*조리 방법(.*)"" ) ) "),"① 길게 썬 돼지고기 안심과 베이컨의 윗부분을 이쑤시개로 고정한 후 머리땋 듯 땋고 끝부분도 이쑤시개로 고정해 팬에 굽는다. ② 소주를 부어 잡내를 날린다. ③ 김치, 양파, 당근을 잘게 썰어 같은 팬에 넣고 볶다가 물을 붓고 뚜껑을 덮는다. ④ 접시에 고기를 올리고 밥과 김치를 쌓아서 낸 후 다진 부추로 토핑한다.") -> ① 길게 썬 돼지고기 안심과 베이컨의 윗부분을 이쑤시개로 고정한 후 머리땋 듯 땋고 끝부분도 이쑤시개로 고정해 팬에 굽는다. ② 소주를 부어 잡내를 날린다. ③ 김치, 양파, 당근을 잘게 썰어 같은 팬에 넣고 볶다가 물을 붓고 뚜껑을 덮는다. ④ 접시에 고기를 올리고 밥과 김치를 쌓아서 낸 후 다진 부추로 토핑한다.
A19: =recipe!C19 -> 다 줄게라면 | B19: =IFERROR(__xludf.DUMMYFUNCTION("TRIM( REGEXEXTRACT( raw!A19, ""(?s)●\s*조리 방법(.*)"" ) ) "),"① 복분자주에 재운 삼겹살을 길게 찢은 김치와 함께 말아 부추로 고정한 후 팬에 굽는다. ② 물과 어묵통조림과 매운미소소스, 큼직하게 썬 알배추를 넣고 끓인다. ③ 면을 넣어 끓인다. ④ 접시에 끓인 라면을 담고 김치말이 삼겹살을 얹어서 낸다.") -> ① 복분자주에 재운 삼겹살을 길게 찢은 김치와 함께 말아 부추로 고정한 후 팬에 굽는다. ② 물과 어묵통조림과 매운미소소스, 큼직하게 썬 알배추를 넣고 끓인다. ③ 면을 넣어 끓인다. ④ 접시에 끓인 라면을 담고 김치말이 삼겹살을 얹어서 낸다.
A20: =recipe!C20 -> 우리집에 오.새.요 | B20: =IFERROR(__xludf.DUMMYFUNCTION("TRIM( REGEXEXTRACT( raw!A20, ""(?s)●\s*조리 방법(.*)"" ) ) "),"1. 청주, 미림, 양조간장, 국수장국을 끓여 소스를 만든다. 2. 오징어는 간장, 다진 마늘, 청주, 미림에 담가 간을 한다. 3. 채썬 채소와 칵테일 새우, 박력분, 전분, 얼음을 넣어 반죽을 한다. (* 반죽 후 얼음은 꼭 제거한다.) 4. 달궈진 기름에 반죽을 한국자씩 넣고 튀긴다. 5. 간을 한 오징어에 전분을 묻혀 튀긴다. 6. 그릇에 밥과 어슷썬 대파, 완성된 튀김과 갈은 무, 소스를 올려낸다.") -> 1. 청주, 미림, 양조간장, 국수장국을 끓여 소스를 만든다. 2. 오징어는 간장, 다진 마늘, 청주, 미림에 담가 간을 한다. 3. 채썬 채소와 칵테일 새우, 박력분, 전분, 얼음을 넣어 반죽을 한다. (* 반죽 후 얼음은 꼭 제거한다.) 4. 달궈진 기름에 반죽을 한국자씩 넣고 튀긴다. 5. 간을 한 오징어에 전분을 묻혀 튀긴다. 6. 그릇에 밥과 어슷썬 대파, 완성된 튀김과 갈은 무, 소스를 올려낸다.
A21: =recipe!C21 -> Mr.콩chu~♥ | B21: =IFERROR(__xludf.DUMMYFUNCTION("TRIM( REGEXEXTRACT( raw!A21, ""(?s)●\s*조리 방법(.*)"" ) ) "),"1. 두부의 물기를 제거한다. 2. 버터를 녹이고 밀가루, 두유를 넣어 소스를 만든다. 3. 계피맛 쿠키를 믹서에 갈고 설탕을 섞어둔다 4. 깍뚝 썬 두부에 전분을 묻혀 튀긴다. 5. 튀긴 두부에 계피설탕가루를 입힌다. 6. 그릇에 두유소스와 두부츄러스, 바닐라 아이스크림, 다진 초콜릿을 토핑한다.") -> 1. 두부의 물기를 제거한다. 2. 버터를 녹이고 밀가루, 두유를 넣어 소스를 만든다. 3. 계피맛 쿠키를 믹서에 갈고 설탕을 섞어둔다 4. 깍뚝 썬 두부에 전분을 묻혀 튀긴다. 5. 튀긴 두부에 계피설탕가루를 입힌다. 6. 그릇에 두유소스와 두부츄러스, 바닐라 아이스크림, 다진 초콜릿을 토핑한다.
A22: =recipe!C22 -> For덕 | B22: =IFERROR(__xludf.DUMMYFUNCTION("TRIM( REGEXEXTRACT( raw!A22, ""(?s)●\s*조리 방법(.*)"" ) ) "),"① 가지를 길게 썰어 올리브유를 두른 팬에 양면을 굽는다. ② 토마토는 열십자로 칼집을 내어 끓는 물에 데쳐 껍질을 벗긴다. ③ 적당한 크기로 썬 토마토와 다진 파프리카, 양파, 사과, 고추장아찌를 냄비에 넣고 으깨 소스를 만든다. ④ 토마토 소스를 넣어 풍미를 더한다. ⑤ 익은 가지를 격자 모양으로 놓고 소금 후추를 뿌린 후, 가운데 계란흰자 통조림을 넣어 감싼다. (* 비닐을 이용하면 좀 더 쉽게 모양을 잡을 수 있다.) ⑥ 모양이 잡힌 "&"가지를 올리브유를 두른 팬에 한 번 더 익힌다. ⑦ 접시에 소스와 가지를 담아 낸다.") -> ① 가지를 길게 썰어 올리브유를 두른 팬에 양면을 굽는다. ② 토마토는 열십자로 칼집을 내어 끓는 물에 데쳐 껍질을 벗긴다. ③ 적당한 크기로 썬 토마토와 다진 파프리카, 양파, 사과, 고추장아찌를 냄비에 넣고 으깨 소스를 만든다. ④ 토마토 소스를 넣어 풍미를 더한다. ⑤ 익은 가지를 격자 모양으로 놓고 소금 후추를 뿌린 후, 가운데 계란흰자 통조림을 넣어 감싼다. (* 비닐을 이용하면 좀 더 쉽게 모양을 잡을 수 있다.) ⑥ 모양이 잡힌 가지를 올리브유를 두른 팬에 한 번 더 익힌다. ⑦ 접시에 소스와 가지를 담아 낸다.
A23: =recipe!C23 -> 프로틴 스틱 | B23: =IFERROR(__xludf.DUMMYFUNCTION("TRIM( REGEXEXTRACT( raw!A23, ""(?s)●\s*조리 방법(.*)"" ) ) "),"① 계란 흰자 통조림과 닭가슴살, 파프리카, 양파를 깍둑썰기 해 꼬치에 끼운다. ② 꼬치에 소금, 후추를 두르고 그릴팬에 굽는다. ③ 당근, 사과를 강판에 채썰고, 식초, 올리브유, 다진 견과류를 뿌린다. ④ 접시에 샐러드를 깔고 꼬치를 위에 낸다.") -> ① 계란 흰자 통조림과 닭가슴살, 파프리카, 양파를 깍둑썰기 해 꼬치에 끼운다. ② 꼬치에 소금, 후추를 두르고 그릴팬에 굽는다. ③ 당근, 사과를 강판에 채썰고, 식초, 올리브유, 다진 견과류를 뿌린다. ④ 접시에 샐러드를 깔고 꼬치를 위에 낸다.
A24: =recipe!C24 -> 불닭 소시지 | B24: =IFERROR(__xludf.DUMMYFUNCTION("TRIM( REGEXEXTRACT( raw!A24, ""(?s)●\s*조리 방법(.*)"" ) ) "),"① 소시지를 끓는 물에 데쳐 기름기를 제거하고 적당한 크기로 썬다. ② 당면라면의 면을 끓는 물에 데쳐 찬물에 헹군 후, 매운라면 소스, 다진 청양고추에 버무린다. ③ 꼬치에 소시지를 꽂고, 양념한 면을 감는다. ④ 접시에 꼬치를 놓고 상추를 곁들여 낸다.") -> ① 소시지를 끓는 물에 데쳐 기름기를 제거하고 적당한 크기로 썬다. ② 당면라면의 면을 끓는 물에 데쳐 찬물에 헹군 후, 매운라면 소스, 다진 청양고추에 버무린다. ③ 꼬치에 소시지를 꽂고, 양념한 면을 감는다. ④ 접시에 꼬치를 놓고 상추를 곁들여 낸다.
A25: =recipe!C25 -> 매우면 참치 & 쏘루아밀크 | B25: =IFERROR(__xludf.DUMMYFUNCTION("TRIM( REGEXEXTRACT( raw!A25, ""(?s)●\s*조리 방법(.*)"" ) ) "),"① 식빵을 토스트기에 굽는다. ② 버터를 두른 팬에 기름 뺀 참치와 믹서에 간 토마토, 고춧가루를 넣고 끓인다. ③ 얼음을 담은 잔에 소주, 설탕, 인스턴트 커피 섞은 것을 넣고, 흰우유를 넣어 층을 낸다. ④ 구운 식빵을 적당한 크기로 자르고 참치 양념을 얹어낸다.") -> ① 식빵을 토스트기에 굽는다. ② 버터를 두른 팬에 기름 뺀 참치와 믹서에 간 토마토, 고춧가루를 넣고 끓인다. ③ 얼음을 담은 잔에 소주, 설탕, 인스턴트 커피 섞은 것을 넣고, 흰우유를 넣어 층을 낸다. ④ 구운 식빵을 적당한 크기로 자르고 참치 양념을 얹어낸다.
A26: =recipe!C26 -> 삼층돈탑 | B26: =IFERROR(__xludf.DUMMYFUNCTION("TRIM( REGEXEXTRACT( raw!A26, ""(?s)●\s*조리 방법(.*)"" ) ) "),"1. 알배추는 먹기 좋은 크기로 썰어둔다. 2. 대파는 채썰고, 마늘은 편으로 썰어둔다. 돼지고기는 먹기 좋은 크기로 자른다. 3. 전자레인지용 그릇에 알배추 - 채 썬 대파 - 돼지고기를 층층이 쌓고 소금 후추 간을 한다. 4. 랩을 두르고 3분 간격으로 렌지에 돌린다. 5. 다진 고추 장아찌와 국물, 설탕을 두른 소스와 스테이크소스, 올리고당을 섞은 소스를 함께 낸다.") -> 1. 알배추는 먹기 좋은 크기로 썰어둔다. 2. 대파는 채썰고, 마늘은 편으로 썰어둔다. 돼지고기는 먹기 좋은 크기로 자른다. 3. 전자레인지용 그릇에 알배추 - 채 썬 대파 - 돼지고기를 층층이 쌓고 소금 후추 간을 한다. 4. 랩을 두르고 3분 간격으로 렌지에 돌린다. 5. 다진 고추 장아찌와 국물, 설탕을 두른 소스와 스테이크소스, 올리고당을 섞은 소스를 함께 낸다.
A27: =recipe!C27 -> 엠티 오후의 라면 | B27: =IFERROR(__xludf.DUMMYFUNCTION("TRIM( REGEXEXTRACT( raw!A27, ""(?s)●\s*조리 방법(.*)"" ) ) "),"1. 끓는 물에 밀가루와 쇠고기 스프, 라면스프를 넣고 끓인다. 2. 채 썬 오징어와 면, 건더기 스프를 넣고 끓인다. 3. 계란 푼 것을 라면에 두른다. 4. 총각김치를 곁들여 낸다.") -> 1. 끓는 물에 밀가루와 쇠고기 스프, 라면스프를 넣고 끓인다. 2. 채 썬 오징어와 면, 건더기 스프를 넣고 끓인다. 3. 계란 푼 것을 라면에 두른다. 4. 총각김치를 곁들여 낸다.
A28: =recipe!C28 -> 봉선아 시집가자미 | B28: =IFERROR(__xludf.DUMMYFUNCTION("TRIM( REGEXEXTRACT( raw!A28, ""(?s)●\s*조리 방법(.*)"" ) ) "),"1. 팬 하나에 대파를 잘게 썰어 볶고, 다른 팬에는 양송이 버섯에 소금 후추 간을 해 볶는다. 2. 가자미는 껍질을 벗기고 뼈를 발라낸다. 3. 가자미에 소금 후추 간을 하고 밀가루를 뭍혀 올리브유를 두른 팬에 굽는다. 4. 가자미를 굽는 팬에 화이트와인과 복분자 엑기스를 부어 졸인다. 5. 그릇에 볶은 대파와 버섯을 놓고 그 위에 구운 가자미를 올린다. 6. 가자미 육즙이 남은 팬에 버터를 넣어 소스를 만든다.") -> 1. 팬 하나에 대파를 잘게 썰어 볶고, 다른 팬에는 양송이 버섯에 소금 후추 간을 해 볶는다. 2. 가자미는 껍질을 벗기고 뼈를 발라낸다. 3. 가자미에 소금 후추 간을 하고 밀가루를 뭍혀 올리브유를 두른 팬에 굽는다. 4. 가자미를 굽는 팬에 화이트와인과 복분자 엑기스를 부어 졸인다. 5. 그릇에 볶은 대파와 버섯을 놓고 그 위에 구운 가자미를 올린다. 6. 가자미 육즙이 남은 팬에 버터를 넣어 소스를 만든다.
A29: =recipe!C29 -> 스키니 신 | B29: =IFERROR(__xludf.DUMMYFUNCTION("TRIM( REGEXEXTRACT( raw!A29, ""(?s)●\s*조리 방법(.*)"" ) ) "),"1. 감자를 삶는다. 2. 관자는 물기를 제거하고, 올리브유는 냄비에 넣고 데운다. 3. 관자는 얇게 썰어두고, 살짝 감자를 강판에 간다 4. 볼에 다진 양상추, 단감, 고구마를 넣고 샐러드를 만든다. 5. 감자와 다진 양파로 전을 부친다. 6. 달군 올리브유를 관자에 부어 익힌다. 7. 접시에 감자양파전, 샐러드, 관자를 얹어 낸다.") -> 1. 감자를 삶는다. 2. 관자는 물기를 제거하고, 올리브유는 냄비에 넣고 데운다. 3. 관자는 얇게 썰어두고, 살짝 감자를 강판에 간다 4. 볼에 다진 양상추, 단감, 고구마를 넣고 샐러드를 만든다. 5. 감자와 다진 양파로 전을 부친다. 6. 달군 올리브유를 관자에 부어 익힌다. 7. 접시에 감자양파전, 샐러드, 관자를 얹어 낸다.
A30: =recipe!C30 -> 파티비프 | B30: =IFERROR(__xludf.DUMMYFUNCTION("TRIM( REGEXEXTRACT( raw!A30, ""(?s)●\s*조리 방법(.*)"" ) ) "),"1. 청고추에 칼집을 내고 그릴팬에 굽는다. 2. 고기와 양파는 채썰고 양송이 버섯도 편으로 썰어 팬에 볶는다. 3. 2에 고기에 쌈장과 생크림을 넣고 볶는다. 4. 3에 다진 총각김치를 넣고 후추를 뿌린다. 5. 접시에 밥을 놓고 주위에 볶은 고기를 얹는다. 6. 중앙에 총각김치를 올린다.") -> 1. 청고추에 칼집을 내고 그릴팬에 굽는다. 2. 고기와 양파는 채썰고 양송이 버섯도 편으로 썰어 팬에 볶는다. 3. 2에 고기에 쌈장과 생크림을 넣고 볶는다. 4. 3에 다진 총각김치를 넣고 후추를 뿌린다. 5. 접시에 밥을 놓고 주위에 볶은 고기를 얹는다. 6. 중앙에 총각김치를 올린다.
A31: =recipe!C31 -> 아이러브유부 | B31: =IFERROR(__xludf.DUMMYFUNCTION("TRIM( REGEXEXTRACT( raw!A31, ""(?s)●\s*조리 방법(.*)"" ) ) "),"1. 삼겹살, 생크림, 달걀 흰자, 마늘 2쪽을 믹서기에 넣고 간다. 2. 간 고기에 잣, 두반장, 굴소스를 넣고 섞는다. 3. 양파와 물에 씻은 고추장아찌를 다져 섞는다. 4. 유부의 속을 채우고 삶는다. 5. 고추 장아찌 국물과 핫소스, 볶은 다진 마늘을 섞어 소스를 만들어 함께 낸다.") -> 1. 삼겹살, 생크림, 달걀 흰자, 마늘 2쪽을 믹서기에 넣고 간다. 2. 간 고기에 잣, 두반장, 굴소스를 넣고 섞는다. 3. 양파와 물에 씻은 고추장아찌를 다져 섞는다. 4. 유부의 속을 채우고 삶는다. 5. 고추 장아찌 국물과 핫소스, 볶은 다진 마늘을 섞어 소스를 만들어 함께 낸다.
A32: =recipe!C32 -> 곤약 봉골레 곤봉 | B32: =IFERROR(__xludf.DUMMYFUNCTION("TRIM( REGEXEXTRACT( raw!A32, ""(?s)●\s*조리 방법(.*)"" ) ) "),"1. 가스레인지 위에 파프리카를 올리고 표면을 태운다. 2. 곤약을 얇게 국수처럼 썬다. (실곤약 대체 가능) 3. 바지락 반은 육수를 내고 반은 살을 발라둔다. 4. 표면을 태운 파프리카의 껍질을 벗기고 얇게 채썬다. 5. 올리브유에 다진 마늘을 볶다가 바지락과 소금 후추를 뿌리고 볶는다. 6. 채 썬 곤약과 파프리카를 넣어 볶다가 육수를 부어 끓인다.") -> 1. 가스레인지 위에 파프리카를 올리고 표면을 태운다. 2. 곤약을 얇게 국수처럼 썬다. (실곤약 대체 가능) 3. 바지락 반은 육수를 내고 반은 살을 발라둔다. 4. 표면을 태운 파프리카의 껍질을 벗기고 얇게 채썬다. 5. 올리브유에 다진 마늘을 볶다가 바지락과 소금 후추를 뿌리고 볶는다. 6. 채 썬 곤약과 파프리카를 넣어 볶다가 육수를 부어 끓인다.
A33: =recipe!C33 -> 렛잇컵 | B33: =IFERROR(__xludf.DUMMYFUNCTION("TRIM( REGEXEXTRACT( raw!A33, ""(?s)●\s*조리 방법(.*)"" ) ) "),"1. 찐 고구마의 껍질을 벗기고 으깬 후, 두유를 섞어 농도를 맞춘다. 2. 각종 과일을 먹기 좋은 크기로 썰어 둔다. 3. 와인잔에 찐 고구마와 과일을 겹겹이 쌓는다. 4. 플레인 요거트와 복분자 원액을 넣는다. 5. 생고구마를 썰어 스틱을 만들고 홍시와 플레인 요거트로 소스을 만들어 함께 낸다.") -> 1. 찐 고구마의 껍질을 벗기고 으깬 후, 두유를 섞어 농도를 맞춘다. 2. 각종 과일을 먹기 좋은 크기로 썰어 둔다. 3. 와인잔에 찐 고구마와 과일을 겹겹이 쌓는다. 4. 플레인 요거트와 복분자 원액을 넣는다. 5. 생고구마를 썰어 스틱을 만들고 홍시와 플레인 요거트로 소스을 만들어 함께 낸다.
A34: =recipe!C34 -> 마이 러블리 튀밥 | B34: =IFERROR(__xludf.DUMMYFUNCTION("TRIM( REGEXEXTRACT( raw!A34, ""(?s)●\s*조리 방법(.*)"" ) ) "),"1. 파프리카, 버섯, 양파를 다지고 올리브유를 두른 팬에 볶는다. 2. 명란젓에 다진 대파를 넣고, 볶은 채소, 즉석밥, 참기름을 넣고 함께 섞는다. 3. 팬에 올리브유와 마늘, 블랙올리브, 홍고추, 방울토마토, 토마토 소스를 넣어 소스를 만든다. 4. 밥을 뭉칠 때 속에 치즈를 넣고 밀가루, 달걀물, 빵가루 순으로 옷을 입힌다. 5. 달군 기름에 뭉친 밥을 넣어 튀긴다. 6. 토마토소스 위에 튀긴 밥을 올리고 파슬리와 올리브유를 뿌려서 낸다.") -> 1. 파프리카, 버섯, 양파를 다지고 올리브유를 두른 팬에 볶는다. 2. 명란젓에 다진 대파를 넣고, 볶은 채소, 즉석밥, 참기름을 넣고 함께 섞는다. 3. 팬에 올리브유와 마늘, 블랙올리브, 홍고추, 방울토마토, 토마토 소스를 넣어 소스를 만든다. 4. 밥을 뭉칠 때 속에 치즈를 넣고 밀가루, 달걀물, 빵가루 순으로 옷을 입힌다. 5. 달군 기름에 뭉친 밥을 넣어 튀긴다. 6. 토마토소스 위에 튀긴 밥을 올리고 파슬리와 올리브유를 뿌려서 낸다.
A35: =recipe!C35 -> 자투리타타 | B35: =IFERROR(__xludf.DUMMYFUNCTION("TRIM( REGEXEXTRACT( raw!A35, ""(?s)●\s*조리 방법(.*)"" ) ) "),"1. 파프리카, 양파, 버섯 등의 재료는 잘게 다진다. 2. 명란젓을 넣은 달걀물에 치즈를 갈아 넣는다. 3. 올리브유를 두른 팬에 다진 채소와 방울토마토, 다진 마늘, 팽이버섯을 넣고 볶는다. 4. 채소를 볶던 팬에 달걀물을 붓고 호일을 덮어 익힌다. 5. 베이컨을 잘게 썰어 키친타올 사이에 넣고 렌지에 돌려 바삭하게 만든다. 6. 프리타타 위에 베이컨을 놓고 토치로 표면을 익힌다.") -> 1. 파프리카, 양파, 버섯 등의 재료는 잘게 다진다. 2. 명란젓을 넣은 달걀물에 치즈를 갈아 넣는다. 3. 올리브유를 두른 팬에 다진 채소와 방울토마토, 다진 마늘, 팽이버섯을 넣고 볶는다. 4. 채소를 볶던 팬에 달걀물을 붓고 호일을 덮어 익힌다. 5. 베이컨을 잘게 썰어 키친타올 사이에 넣고 렌지에 돌려 바삭하게 만든다. 6. 프리타타 위에 베이컨을 놓고 토치로 표면을 익힌다.
A36: =recipe!C36 -> 괜찮아, 목심이야 | B36: =IFERROR(__xludf.DUMMYFUNCTION("TRIM( REGEXEXTRACT( raw!A36, ""(?s)●\s*조리 방법(.*)"" ) ) "),"1. 양파, 당근, 사과, 양상추를 가늘게 채 썬다. 2. 오리엔탈 소스에 식초와 설탕을 넣어 끓인 후, 채 썬 양파, 당근과 섞어둔다. 3. 소금, 후추로 밑간을 한 돼지고기 목심을 전분이 고르게 묻도록 섞는다. 4. 끓는 물에 돼지고기 목심을 익힌 후, 건진다. 5. 접시에 고기와 채소를 차례로 얹는다. 6. 채 썬 양상추와 사과를 올리고 소스를 뿌려 완성한다.") -> 1. 양파, 당근, 사과, 양상추를 가늘게 채 썬다. 2. 오리엔탈 소스에 식초와 설탕을 넣어 끓인 후, 채 썬 양파, 당근과 섞어둔다. 3. 소금, 후추로 밑간을 한 돼지고기 목심을 전분이 고르게 묻도록 섞는다. 4. 끓는 물에 돼지고기 목심을 익힌 후, 건진다. 5. 접시에 고기와 채소를 차례로 얹는다. 6. 채 썬 양상추와 사과를 올리고 소스를 뿌려 완성한다.
A37: =recipe!C37 -> 마이 스위트 베이비 | B37: =IFERROR(__xludf.DUMMYFUNCTION("TRIM( REGEXEXTRACT( raw!A37, ""(?s)●\s*조리 방법(.*)"" ) ) "),"1. 소금, 후추 간을 한 소고기 등심을 팬에 굽는다. 2. 사과를 자르고 씨를 발라 팬에 굽는다. 3. 소고기 등심을 꺼내 놓고 흑설탕과 물에 구운 사과를 졸인다. 4. 등심을 다시 팬에 올리고 레드와인을 부어 좀 더 익힌다. 5. 졸인 사과와 등심을 함께 낸다") -> 1. 소금, 후추 간을 한 소고기 등심을 팬에 굽는다. 2. 사과를 자르고 씨를 발라 팬에 굽는다. 3. 소고기 등심을 꺼내 놓고 흑설탕과 물에 구운 사과를 졸인다. 4. 등심을 다시 팬에 올리고 레드와인을 부어 좀 더 익힌다. 5. 졸인 사과와 등심을 함께 낸다
A38: =recipe!C38 -> 어란대첩 | B38: =IFERROR(__xludf.DUMMYFUNCTION("TRIM( REGEXEXTRACT( raw!A38, ""(?s)●\s*조리 방법(.*)"" ) ) "),"1. 무를 얇게 채 썬다. 2. 채 썬 무를 얼음물에 담가 식감을 살린다. 3. 끓는 물에 파스타면을 넣고 삶는다. 4. 익은 파스타면을 얼음물에 넣어 식힌 후 올리브유, 쯔유, 소금, 후추를 넣어 섞는다. 5. 접시에 파스타면과 채썬 무를 차례로 올리고 어란을 갈아 올린다.") -> 1. 무를 얇게 채 썬다. 2. 채 썬 무를 얼음물에 담가 식감을 살린다. 3. 끓는 물에 파스타면을 넣고 삶는다. 4. 익은 파스타면을 얼음물에 넣어 식힌 후 올리브유, 쯔유, 소금, 후추를 넣어 섞는다. 5. 접시에 파스타면과 채썬 무를 차례로 올리고 어란을 갈아 올린다.
A39: =recipe!C39 -> 뉴타운 달팽이 | B39: =IFERROR(__xludf.DUMMYFUNCTION("TRIM( REGEXEXTRACT( raw!A39, ""(?s)●\s*조리 방법(.*)"" ) ) "),"1. 팬에 버터, 다진 양파, 소금, 달팽이를 넣고 볶는다. 2. 끓는 물에 매시드 포테이토 분말을 넣고 매시드 포테이토를 만든다. 3. 달팽이를 볶던 팬에 레드와인을 부어 졸인다. 4. 팬에 버터와 시금치를 넣어 볶는다. 5. 접시에 매시드 포테이토를 깔고 달팽이와 양파를 올린 후, 볶은 시금치와 소스를 곁들여 낸다. 6. 마지막으로 다진 홍고추를 올린다.") -> 1. 팬에 버터, 다진 양파, 소금, 달팽이를 넣고 볶는다. 2. 끓는 물에 매시드 포테이토 분말을 넣고 매시드 포테이토를 만든다. 3. 달팽이를 볶던 팬에 레드와인을 부어 졸인다. 4. 팬에 버터와 시금치를 넣어 볶는다. 5. 접시에 매시드 포테이토를 깔고 달팽이와 양파를 올린 후, 볶은 시금치와 소스를 곁들여 낸다. 6. 마지막으로 다진 홍고추를 올린다.
A40: =recipe!C40 -> 삼국회담 | B40: =IFERROR(__xludf.DUMMYFUNCTION("TRIM( REGEXEXTRACT( raw!A40, ""(?s)●\s*조리 방법(.*)"" ) ) "),"1. 끓는 물에 쌀국수면을 삶는다. 2. 후추를 뿌린 양갈비를 손질한 후, 커민으로 양념을 한다. 3. 올리브유를 두른 팬에 으깬 마늘과 중국 고추소스를 넣어 볶다가 양갈비를 넣어 굽는다. 4. 믹서기에 코코넛 밀크와 새우젓, 말린 양파를 넣고 갈아 소스를 만든다. 5. 끓인 쌀국수 면을 건져 얼음물에 헹군 후 피쉬소스, 동치미 국물, 탄산수, 참기름을 넣어 국수를 완성한다. 6. 접시에 구운 양갈비와 새우젓 소스를 곁들여 낸다.") -> 1. 끓는 물에 쌀국수면을 삶는다. 2. 후추를 뿌린 양갈비를 손질한 후, 커민으로 양념을 한다. 3. 올리브유를 두른 팬에 으깬 마늘과 중국 고추소스를 넣어 볶다가 양갈비를 넣어 굽는다. 4. 믹서기에 코코넛 밀크와 새우젓, 말린 양파를 넣고 갈아 소스를 만든다. 5. 끓인 쌀국수 면을 건져 얼음물에 헹군 후 피쉬소스, 동치미 국물, 탄산수, 참기름을 넣어 국수를 완성한다. 6. 접시에 구운 양갈비와 새우젓 소스를 곁들여 낸다.
A41: =recipe!C41 -> 로맨티스튜~♡ | B41: =IFERROR(__xludf.DUMMYFUNCTION("TRIM( REGEXEXTRACT( raw!A41, ""(?s)●\s*조리 방법(.*)"" ) ) "),"1. 한우 등심을 깍둑썰기 한다. 2. 올리브유를 두른 팬에 밀가루를 묻힌 등심을 볶아 놓는다. 3. 팬에 올리브유와 잘게 썬 베이컨을 넣어 볶는다. 4. 팬에 올리브유와 다진 양파, 토마토를 넣고 볶는다. 5. 토마토가 익으면 생크림, 코코넛 밀크를 넣고 끓인다. 6. 끓인 소스에 볶아둔 한우 등심을 넣고 끓인다. 7. 커리 페이스트를 넣고 소금, 후추로 간을 한다. 8. 베이컨을 볶던 팬에 채 썬 양배추를 넣어 함께 볶는다. 9. 즉석"&"밥을 전자레인지에 돌리고, 베이컨에 레몬즙을 넣는다. 10. 스튜와 베이컨에 고수를 넣어 익힌다. 11. 접시에 스튜와 볶은 베이컨, 양배추를 올린 후 홍고추, 청고추, 레몬을 곁들인다. 12. 밥 위에 홍고추, 고수를 올리고 레몬즙을 뿌려낸다.") -> 1. 한우 등심을 깍둑썰기 한다. 2. 올리브유를 두른 팬에 밀가루를 묻힌 등심을 볶아 놓는다. 3. 팬에 올리브유와 잘게 썬 베이컨을 넣어 볶는다. 4. 팬에 올리브유와 다진 양파, 토마토를 넣고 볶는다. 5. 토마토가 익으면 생크림, 코코넛 밀크를 넣고 끓인다. 6. 끓인 소스에 볶아둔 한우 등심을 넣고 끓인다. 7. 커리 페이스트를 넣고 소금, 후추로 간을 한다. 8. 베이컨을 볶던 팬에 채 썬 양배추를 넣어 함께 볶는다. 9. 즉석밥을 전자레인지에 돌리고, 베이컨에 레몬즙을 넣는다. 10. 스튜와 베이컨에 고수를 넣어 익힌다. 11. 접시에 스튜와 볶은 베이컨, 양배추를 올린 후 홍고추, 청고추, 레몬을 곁들인다. 12. 밥 위에 홍고추, 고수를 올리고 레몬즙을 뿌려낸다.
A42: =recipe!C42 -> 섹시 한 컵 | B42: =IFERROR(__xludf.DUMMYFUNCTION("TRIM( REGEXEXTRACT( raw!A42, ""(?s)●\s*조리 방법(.*)"" ) ) "),"1. 통조림 햄을 비닐팩에 넣고 으깬다. 2. 팬에 버터를 두르고 다진 양파와 으깬 햄을 볶는다. 3. 볶던 햄과 양파에 설탕을 넣는다. 4. 슬라이스 치즈를 넣고 함께 볶는다. 5. 밥을 바질페스토에 비벼둔다. 6. 올리브유를 두른 팬에 달걀을 깨트려 넣고 물을 조금 부은 다음 뚜껑을 닫아 반숙으로 익힌다. 7. 컵에 바질페스토에 비빈 밥과 할라피뇨, 볶은 햄과 양파를 차례로 담는다. 8. 컵밥 가장 위에 반숙 달걀 프라이를 올린다.") -> 1. 통조림 햄을 비닐팩에 넣고 으깬다. 2. 팬에 버터를 두르고 다진 양파와 으깬 햄을 볶는다. 3. 볶던 햄과 양파에 설탕을 넣는다. 4. 슬라이스 치즈를 넣고 함께 볶는다. 5. 밥을 바질페스토에 비벼둔다. 6. 올리브유를 두른 팬에 달걀을 깨트려 넣고 물을 조금 부은 다음 뚜껑을 닫아 반숙으로 익힌다. 7. 컵에 바질페스토에 비빈 밥과 할라피뇨, 볶은 햄과 양파를 차례로 담는다. 8. 컵밥 가장 위에 반숙 달걀 프라이를 올린다.
A43: =recipe!C43 -> 가희에게 반하나 | B43: =IFERROR(__xludf.DUMMYFUNCTION("TRIM( REGEXEXTRACT( raw!A43, ""(?s)●\s*조리 방법(.*)"" ) ) "),"1. 달걀, 밀가루, 우유, 탄산수를 넣어 반죽을 만든다. 2. 바나나를 얇게 썬다. 3. 팬에 반죽을 얇게 부친다. 4. 익은 반죽 위에 바나나를 올리고 초콜릿 잼을 바른다. 5. 크레페의 가장자리를 접어 모양을 만든 후, 접시에 올려 다진 견과류와 블루베리를 곁들인다. * 기호에 따라 다양한 재료를 넣어 식사, 디저트 등으로 즐길 수 있다") -> 1. 달걀, 밀가루, 우유, 탄산수를 넣어 반죽을 만든다. 2. 바나나를 얇게 썬다. 3. 팬에 반죽을 얇게 부친다. 4. 익은 반죽 위에 바나나를 올리고 초콜릿 잼을 바른다. 5. 크레페의 가장자리를 접어 모양을 만든 후, 접시에 올려 다진 견과류와 블루베리를 곁들인다. * 기호에 따라 다양한 재료를 넣어 식사, 디저트 등으로 즐길 수 있다
A44: =recipe!C44 -> 엑소 떡볶이 | B44: =IFERROR(__xludf.DUMMYFUNCTION("TRIM( REGEXEXTRACT( raw!A44, ""(?s)●\s*조리 방법(.*)"" ) ) "),"1. 소량의 기름에 떡을 표면만 살짝 튀긴다. 2. 잘게 썬 대파를 볶다가 굴소스, XO소스, 다진 마늘, 다진 생강, 채 썬 양배추를 넣어 소스를 만든다. 3. 소스에 백후추, 청주, 설탕을 넣어 볶는다. 4. 소스에 식초, 양조간장을 넣어 볶는다. 5. 소스에 떡을 넣어 볶는다. 6. 접시에 떡볶이를 담고 볶은 로메인 상추를 올려낸다.") -> 1. 소량의 기름에 떡을 표면만 살짝 튀긴다. 2. 잘게 썬 대파를 볶다가 굴소스, XO소스, 다진 마늘, 다진 생강, 채 썬 양배추를 넣어 소스를 만든다. 3. 소스에 백후추, 청주, 설탕을 넣어 볶는다. 4. 소스에 식초, 양조간장을 넣어 볶는다. 5. 소스에 떡을 넣어 볶는다. 6. 접시에 떡볶이를 담고 볶은 로메인 상추를 올려낸다.
A45: =recipe!C45 -> 한 뚝볶이 하실래예? | B45: =IFERROR(__xludf.DUMMYFUNCTION("TRIM( REGEXEXTRACT( raw!A45, ""(?s)●\s*조리 방법(.*)"" ) ) "),"1. 끓는 물에 떡국떡을 살짝 데친다. 2. 감자, 양파, 대파를 잘게 다진다. 3. 다진 채소를 뚝배기에 담고 만두소를 넣는다. 4. 뚝배기에 물을 붓고 끓인다. 5. 된장에 전분, 고춧가루, 청주를 섞는다. 6. 기름을 두른 팬에 다진 마늘과 다진 페페로치노를 넣고 데친 떡을 볶는다. 7. 채소를 끓이던 뚝배기에 된장을 넣고 졸여 강된장을 만든다. 8. 볶은 떡을 소금, 간장으로 간을 한다. 9. 떡에 채 썬 대파를 고명으로 올리고 강"&"된장과 함께 낸다.") -> 1. 끓는 물에 떡국떡을 살짝 데친다. 2. 감자, 양파, 대파를 잘게 다진다. 3. 다진 채소를 뚝배기에 담고 만두소를 넣는다. 4. 뚝배기에 물을 붓고 끓인다. 5. 된장에 전분, 고춧가루, 청주를 섞는다. 6. 기름을 두른 팬에 다진 마늘과 다진 페페로치노를 넣고 데친 떡을 볶는다. 7. 채소를 끓이던 뚝배기에 된장을 넣고 졸여 강된장을 만든다. 8. 볶은 떡을 소금, 간장으로 간을 한다. 9. 떡에 채 썬 대파를 고명으로 올리고 강된장과 함께 낸다.
A46: =recipe!C46 -> 굴로장생 | B46: =IFERROR(__xludf.DUMMYFUNCTION("TRIM( REGEXEXTRACT( raw!A46, ""(?s)●\s*조리 방법(.*)"" ) ) "),"1. 끓는 물에 멸치가루를 넣어 육수를 만든다. 2. 해동된 굴비는 다듬어 칼집을 낸다. 3. 고추장과 호두오일, 레몬즙을 섞어 양념을 만든다. 4. 후추를 뿌린 굴비에 고추장 양념을 바른다. 5. 얇게 썬 레몬을 양념한 굴비의 위아래에 깐 다음 오븐에 굽는다. 6. 기름을 두른 팬에 다진 양파, 으깬 마늘을 넣어 볶다가 밥과 멸치 육수를 넣어 볶는다. 7. 팬에 기름을 두르고 편썰기 한 마늘과 느타리버섯을 소금, 후추 간을 해 볶는다. 8"&". 리소토에 그라나파다노 치즈를 갈아 넣고 버터를 넣어 볶는다. 9. 접시에 리소토와 볶은 버섯을 담고 위에 고추장 굴비를 얹어낸다.") -> 1. 끓는 물에 멸치가루를 넣어 육수를 만든다. 2. 해동된 굴비는 다듬어 칼집을 낸다. 3. 고추장과 호두오일, 레몬즙을 섞어 양념을 만든다. 4. 후추를 뿌린 굴비에 고추장 양념을 바른다. 5. 얇게 썬 레몬을 양념한 굴비의 위아래에 깐 다음 오븐에 굽는다. 6. 기름을 두른 팬에 다진 양파, 으깬 마늘을 넣어 볶다가 밥과 멸치 육수를 넣어 볶는다. 7. 팬에 기름을 두르고 편썰기 한 마늘과 느타리버섯을 소금, 후추 간을 해 볶는다. 8. 리소토에 그라나파다노 치즈를 갈아 넣고 버터를 넣어 볶는다. 9. 접시에 리소토와 볶은 버섯을 담고 위에 고추장 굴비를 얹어낸다.
A47: =recipe!C47 -> 낙지 호로록 | B47: =IFERROR(__xludf.DUMMYFUNCTION("TRIM( REGEXEXTRACT( raw!A47, ""(?s)●\s*조리 방법(.*)"" ) ) "),"1. 낙지는 소금을 뿌려 깨끗하게 씻는다. 2. 돌나물, 채 썬 양파, 얇게 썬 청양고추를 각각 얼음물에 담근다. 3. 끓는 물에 식초와 소금을 넣고 낙지를 데친다. 4. 데친 낙지는 얼음물에 식혀둔다. 5. 레몬청, 얼음, 설탕, 다진마늘, 페페로치노를 믹서에 곱게 갈아 소스를 만든다. 6. 식혀둔 낙지에 다진 마늘과 참기름으로 양념을 한다. 7. 접시에 돌나물, 양념한 낙지, 양파, 청양고추를 차례로 담는다. 8. 깨를 양 손으로 비벼 "&"으깨 넣고 소스를 부어 완성한다.") -> 1. 낙지는 소금을 뿌려 깨끗하게 씻는다. 2. 돌나물, 채 썬 양파, 얇게 썬 청양고추를 각각 얼음물에 담근다. 3. 끓는 물에 식초와 소금을 넣고 낙지를 데친다. 4. 데친 낙지는 얼음물에 식혀둔다. 5. 레몬청, 얼음, 설탕, 다진마늘, 페페로치노를 믹서에 곱게 갈아 소스를 만든다. 6. 식혀둔 낙지에 다진 마늘과 참기름으로 양념을 한다. 7. 접시에 돌나물, 양념한 낙지, 양파, 청양고추를 차례로 담는다. 8. 깨를 양 손으로 비벼 으깨 넣고 소스를 부어 완성한다.
A48: =recipe!C48 -> 달.고.나 | B48: =IFERROR(__xludf.DUMMYFUNCTION("TRIM( REGEXEXTRACT( raw!A48, ""(?s)●\s*조리 방법(.*)"" ) ) "),"1. 한 입 크기로 썬 양파와 당근을 볶다가 설탕을 넣는다. 2. 돼지고기 앞다리살을 반으로 가르고 고기망치로 육질을 부드럽게 만든다. 3. 볶던 채소에 물을 부어 끓인다. 4. 고기에 소금 후추로 간을 하고 마살라와 밀가루를 묻혀 기름을 두른 팬에 굽는다. 5. 채소를 끓인 물을 고기에 부어 익힌다. 6. 고기를 다른 팬에 옮기고 남은 육수에 밀가루와 버터를 넣어 소스를 만든다. 7. 쪽파를 굽는다. 8. 접시에 볶은 야채, 고기, 쪽파를"&" 차례로 올리고 소스를 뿌려 완성한다.") -> 1. 한 입 크기로 썬 양파와 당근을 볶다가 설탕을 넣는다. 2. 돼지고기 앞다리살을 반으로 가르고 고기망치로 육질을 부드럽게 만든다. 3. 볶던 채소에 물을 부어 끓인다. 4. 고기에 소금 후추로 간을 하고 마살라와 밀가루를 묻혀 기름을 두른 팬에 굽는다. 5. 채소를 끓인 물을 고기에 부어 익힌다. 6. 고기를 다른 팬에 옮기고 남은 육수에 밀가루와 버터를 넣어 소스를 만든다. 7. 쪽파를 굽는다. 8. 접시에 볶은 야채, 고기, 쪽파를 차례로 올리고 소스를 뿌려 완성한다.
A49: =recipe!C49 -> 오순도순 | B49: =IFERROR(__xludf.DUMMYFUNCTION("TRIM( REGEXEXTRACT( raw!A49, ""(?s)●\s*조리 방법(.*)"" ) ) "),"1. 올리브유를 두른 팬에 다진 오징어 다리, 양파, 대파, 청양고추를 넣어 볶는다. 2. 밥과 쌈장을 넣고 볶다가 토마토를 갈아 넣는다. 3. 오징어 몸통의 속을 채운 다음 그릴팬에 굽는다. 4. 접시에 쌈채소, 토마토, 레몬, 케이퍼를 놓고 가운데 오징어를 놓는다. 5. 오징어에 칼집을 내고 그라나파다노 치즈를 갈아 오징어 위에 뿌려준다.") -> 1. 올리브유를 두른 팬에 다진 오징어 다리, 양파, 대파, 청양고추를 넣어 볶는다. 2. 밥과 쌈장을 넣고 볶다가 토마토를 갈아 넣는다. 3. 오징어 몸통의 속을 채운 다음 그릴팬에 굽는다. 4. 접시에 쌈채소, 토마토, 레몬, 케이퍼를 놓고 가운데 오징어를 놓는다. 5. 오징어에 칼집을 내고 그라나파다노 치즈를 갈아 오징어 위에 뿌려준다.
A50: =recipe!C50 -> 굴링굴링 | B50: =IFERROR(__xludf.DUMMYFUNCTION("TRIM( REGEXEXTRACT( raw!A50, ""(?s)●\s*조리 방법(.*)"" ) ) "),"1. 굴에 소금을 많이 뿌려 수분을 뺀다. 2. 식초, 설탕, 간장, 국수장국, 연겨자, 굴소스, 우스터소스를 끓여 소스를 만든다. 3. 수분을 제거한 굴을 물에 담가 남은 염분을 제거한다. 4. 물기를 닦아낸 굴에 전분을 입혀서 튀긴다. 5. 끓인 소스에 물전분을 넣어 걸쭉하게 만든다. 6. 접시에 굴튀김을 담고 채 썬 양파, 다진 고추와 매실장아찌, 소스를 얹는다. 7. 다진 파를 뿌려 완성한다.") -> 1. 굴에 소금을 많이 뿌려 수분을 뺀다. 2. 식초, 설탕, 간장, 국수장국, 연겨자, 굴소스, 우스터소스를 끓여 소스를 만든다. 3. 수분을 제거한 굴을 물에 담가 남은 염분을 제거한다. 4. 물기를 닦아낸 굴에 전분을 입혀서 튀긴다. 5. 끓인 소스에 물전분을 넣어 걸쭉하게 만든다. 6. 접시에 굴튀김을 담고 채 썬 양파, 다진 고추와 매실장아찌, 소스를 얹는다. 7. 다진 파를 뿌려 완성한다.
A51: =recipe!C51 -> 보굴보굴 | B51: =IFERROR(__xludf.DUMMYFUNCTION("TRIM( REGEXEXTRACT( raw!A51, ""(?s)●\s*조리 방법(.*)"" ) ) "),"1. 끓는 물에 굴을 넣고 삶아서 육수를 만든다. 2. 팬에 버터, 밀가루를 넣어서 루를 만든다. 3. 참기름, 마늘, 불린 미역을 함께 볶다가 굴 육수를 넣고 끓인다. 4. 루에 우유를 부어 베샤멜 소스를 만든다. 5. 팬에 다진 양파와 굴을 넣어 볶는다. 6. 미역과 함께 끓인 굴 육수에 베샤멜 소스를 넣어 함께 끓인다. 7. 끓인 스프를 믹서기에 넣고 간다. 8. 스프를 체에 거르고 볶은 굴과 양파를 넣은 뒤 소금, 후추로 간을 한다. 9. 그릇에"&" 완성된 스프를 담고 참기름을 뿌려 낸다.") -> 1. 끓는 물에 굴을 넣고 삶아서 육수를 만든다. 2. 팬에 버터, 밀가루를 넣어서 루를 만든다. 3. 참기름, 마늘, 불린 미역을 함께 볶다가 굴 육수를 넣고 끓인다. 4. 루에 우유를 부어 베샤멜 소스를 만든다. 5. 팬에 다진 양파와 굴을 넣어 볶는다. 6. 미역과 함께 끓인 굴 육수에 베샤멜 소스를 넣어 함께 끓인다. 7. 끓인 스프를 믹서기에 넣고 간다. 8. 스프를 체에 거르고 볶은 굴과 양파를 넣은 뒤 소금, 후추로 간을 한다. 9. 그릇에 완성된 스프를 담고 참기름을 뿌려 낸다.
A52: =recipe!C52 -> 허풍찜닭밥 | B52: =IFERROR(__xludf.DUMMYFUNCTION("TRIM( REGEXEXTRACT( raw!A52, ""(?s)●\s*조리 방법(.*)"" ) ) "),"1. 팬에 채 썬 양파를 볶다가 소금, 후추 간을 한다. 2. 다진 양파에 콜라를 붓고, 닭가슴살 통조림, 우스터소스를 넣어 졸인다. 3. 끓는 물에 김치를 잘라 넣는다. 4. 달걀과 카레가루를 함께 푼다. 5. 살짝 익힌 즉석밥을 달걀물에 넣고 섞어 팬에 볶는다. 6. 토마토 간 것과 참치 통조림을 찌개에 부어 함께 끓인다. 7. 졸인 닭가슴살에 전분을 넣어 농도를 조절한다. 8. 찌개에 우스터소스와 설탕을 넣는다. 9. 찌개에는 굴소스"&"를, 닭가슴살에는 레몬즙을 넣어 마무리한다. 10. 볶음밥에 콜라에 졸인 닭가슴살을 곁들이고, 김치찌개를 따로 낸다.") -> 1. 팬에 채 썬 양파를 볶다가 소금, 후추 간을 한다. 2. 다진 양파에 콜라를 붓고, 닭가슴살 통조림, 우스터소스를 넣어 졸인다. 3. 끓는 물에 김치를 잘라 넣는다. 4. 달걀과 카레가루를 함께 푼다. 5. 살짝 익힌 즉석밥을 달걀물에 넣고 섞어 팬에 볶는다. 6. 토마토 간 것과 참치 통조림을 찌개에 부어 함께 끓인다. 7. 졸인 닭가슴살에 전분을 넣어 농도를 조절한다. 8. 찌개에 우스터소스와 설탕을 넣는다. 9. 찌개에는 굴소스를, 닭가슴살에는 레몬즙을 넣어 마무리한다. 10. 볶음밥에 콜라에 졸인 닭가슴살을 곁들이고, 김치찌개를 따로 낸다.
A53: =recipe!C53 -> 허달달 | B53: =IFERROR(__xludf.DUMMYFUNCTION("TRIM( REGEXEXTRACT( raw!A53, ""(?s)●\s*조리 방법(.*)"" ) ) "),"1. 다시마와 멸치로 육수를 낸다. 2. 팬에 기름을 두르고 대파를 볶는다. 3. 육수에 새송이 버섯, 채 썬 양파, 두부를 넣고 된장을 푼다. 4. 치킨 비프볼과 다진 마늘, 다진 생강, 굴소스를 섞은 다음 대파와 함께 볶는다. 5. 즉석밥과 치킨 비프볼을 함께 볶는다. 6. 달걀물을 부어 함께 볶아 볶음밥을 완성한다. 7. 된장국에 체에 내린 달걀물을 넣어 함께 끓인다. 8. 달걀물에 우유, 설탕을 넣고 소로보빵을 적셔 팬에 굽는다. "&"9. 볶음밥, 된장국, 프렌치토스트를 따로 담아 낸다.") -> 1. 다시마와 멸치로 육수를 낸다. 2. 팬에 기름을 두르고 대파를 볶는다. 3. 육수에 새송이 버섯, 채 썬 양파, 두부를 넣고 된장을 푼다. 4. 치킨 비프볼과 다진 마늘, 다진 생강, 굴소스를 섞은 다음 대파와 함께 볶는다. 5. 즉석밥과 치킨 비프볼을 함께 볶는다. 6. 달걀물을 부어 함께 볶아 볶음밥을 완성한다. 7. 된장국에 체에 내린 달걀물을 넣어 함께 끓인다. 8. 달걀물에 우유, 설탕을 넣고 소로보빵을 적셔 팬에 굽는다. 9. 볶음밥, 된장국, 프렌치토스트를 따로 담아 낸다.
A54: =recipe!C54 -> 파콘 투게더 | B54: =IFERROR(__xludf.DUMMYFUNCTION("TRIM( REGEXEXTRACT( raw!A54, ""(?s)●\s*조리 방법(.*)"" ) ) "),"1. 옥수수와 참치를 체에 받쳐 수분과 기름기를 제거한다. 2. 끓는 물에 소금을 넣고 펜네를 삶는다. 3. 방울토마토를 썰어 레몬즙을 뿌리고 올리브유와 소금, 다진 고수를 넣어 섞는다. 4. 채 썬 양파와 잘게 썬 베이컨을 팬에 볶는다. 5. 아보카도를 잘게 썰어 샐러드에 넣고 섞는다. 6. 팬에 칠리파우더, 방울토마토, 면수를 넣어 볶는다. 7. 채소를 볶던 팬에 토마토소스를 넣어 끓인다. 8. 삶은 펜네를 토마토소스에 넣고 함께 볶는다"&". 9. 파마산 치즈를 뿌려 파스타를 완성한다. 10. 샐러드 위에 옥수수와 참치를 올리고 레몬즙, 다진 고수를 뿌려 파스타와 함께 낸다.") -> 1. 옥수수와 참치를 체에 받쳐 수분과 기름기를 제거한다. 2. 끓는 물에 소금을 넣고 펜네를 삶는다. 3. 방울토마토를 썰어 레몬즙을 뿌리고 올리브유와 소금, 다진 고수를 넣어 섞는다. 4. 채 썬 양파와 잘게 썬 베이컨을 팬에 볶는다. 5. 아보카도를 잘게 썰어 샐러드에 넣고 섞는다. 6. 팬에 칠리파우더, 방울토마토, 면수를 넣어 볶는다. 7. 채소를 볶던 팬에 토마토소스를 넣어 끓인다. 8. 삶은 펜네를 토마토소스에 넣고 함께 볶는다. 9. 파마산 치즈를 뿌려 파스타를 완성한다. 10. 샐러드 위에 옥수수와 참치를 올리고 레몬즙, 다진 고수를 뿌려 파스타와 함께 낸다.
A55: =recipe!C55 -> 백 투 더 치킨 | B55: =IFERROR(__xludf.DUMMYFUNCTION("TRIM( REGEXEXTRACT( raw!A55, ""(?s)●\s*조리 방법(.*)"" ) ) "),"1. 닭의 뼈를 발라 육수를 낸다. 2. 닭고기를 올리브유를 두른 팬에 굽는다. 3. 닭고기에 생강을 갈아 넣고 소금, 후추로 간을 한다. 4. 양파와 당근을 다져 넣고 함께 볶는다. 5. 육수에 달걀 흰자를 넣는다. 6. 육수를 체에 걸러 남은 기름기를 제거한다. 7. 닭고기를 익히던 팬에 육수를 부어 함께 끓인다. 8. 스튜에 방울토마토를 갈아 넣는다. 9. 스튜에 물전분을 넣어 농도를 조절한다. 10. 즉석밥에 고수를 올리고 완성된 스튜와 함께 낸"&"다.") -> 1. 닭의 뼈를 발라 육수를 낸다. 2. 닭고기를 올리브유를 두른 팬에 굽는다. 3. 닭고기에 생강을 갈아 넣고 소금, 후추로 간을 한다. 4. 양파와 당근을 다져 넣고 함께 볶는다. 5. 육수에 달걀 흰자를 넣는다. 6. 육수를 체에 걸러 남은 기름기를 제거한다. 7. 닭고기를 익히던 팬에 육수를 부어 함께 끓인다. 8. 스튜에 방울토마토를 갈아 넣는다. 9. 스튜에 물전분을 넣어 농도를 조절한다. 10. 즉석밥에 고수를 올리고 완성된 스튜와 함께 낸다.
A56: =recipe!C56 -> 멕시코 갓(god) 쌈?! | B56: =IFERROR(__xludf.DUMMYFUNCTION("TRIM( REGEXEXTRACT( raw!A56, ""(?s)●\s*조리 방법(.*)"" ) ) "),"1. 망고스틴, 양파, 방울토마토, 고수를 다져서 섞어 타코 토핑을 만든다. 2. 사워크림과 사과를 섞어 딥소스를 만든다. 3. 잘게 썬 닭고기를 타코시즈닝, 화이트 와인을 넣어 볶는다. 4. 소시지를 길게 잘라 굽는다. 5. 슬라이스 치즈는 길게 잘라 둔다. 6. 가장자리를 자른 식빵을 밀대로 납작하게 펴서 팬에 굽는다. 7. 식빵과 볶은 닭고기, 타코 토핑, 구운 소시지, 치즈, 사과 딥소스를 함께 낸다.") -> 1. 망고스틴, 양파, 방울토마토, 고수를 다져서 섞어 타코 토핑을 만든다. 2. 사워크림과 사과를 섞어 딥소스를 만든다. 3. 잘게 썬 닭고기를 타코시즈닝, 화이트 와인을 넣어 볶는다. 4. 소시지를 길게 잘라 굽는다. 5. 슬라이스 치즈는 길게 잘라 둔다. 6. 가장자리를 자른 식빵을 밀대로 납작하게 펴서 팬에 굽는다. 7. 식빵과 볶은 닭고기, 타코 토핑, 구운 소시지, 치즈, 사과 딥소스를 함께 낸다.
A57: =recipe!C57 -> 타코 리턴 | B57: =IFERROR(__xludf.DUMMYFUNCTION("TRIM( REGEXEXTRACT( raw!A57, ""(?s)●\s*조리 방법(.*)"" ) ) "),"1. 만두피를 기름에 튀긴다. 2. 다진 소고기에 소금, 후추 간을 해서 볶는다. 3. 볶던 소고기에 타코시즈닝으로 양념을 한다. 4. 고추를 가스레인지 불에 그대로 올려 직화한다. 5. 방울토마토, 양파, 청양고추 섞은 것에 핫소스, 스리라차 소스를 넣는다. 6. 얼린 토마토, 고수, 마늘장아찌, 올리브유, 후추, 레몬즙을 섞는다. 7. 구운 고추를 다져서 넣고 아보카도를 올려 타코 토핑을 완성한다. 8. 튀긴 만두피, 볶은 고기, 타코 "&"토핑, 사워크림, 스리라차 소스를 함께 낸다.") -> 1. 만두피를 기름에 튀긴다. 2. 다진 소고기에 소금, 후추 간을 해서 볶는다. 3. 볶던 소고기에 타코시즈닝으로 양념을 한다. 4. 고추를 가스레인지 불에 그대로 올려 직화한다. 5. 방울토마토, 양파, 청양고추 섞은 것에 핫소스, 스리라차 소스를 넣는다. 6. 얼린 토마토, 고수, 마늘장아찌, 올리브유, 후추, 레몬즙을 섞는다. 7. 구운 고추를 다져서 넣고 아보카도를 올려 타코 토핑을 완성한다. 8. 튀긴 만두피, 볶은 고기, 타코 토핑, 사워크림, 스리라차 소스를 함께 낸다.
A58: =recipe!C58 -> 냉장고탕 | B58: =IFERROR(__xludf.DUMMYFUNCTION("TRIM( REGEXEXTRACT( raw!A58, ""(?s)●\s*조리 방법(.*)"" ) ) "),"1. 김치를 물에 씻는다. 2. 김치와 양파를 채 썰어 다진 마늘과 참기름으로 양념한다. 3. 2에 다진 대파를 섞고 냄비에 넣어 볶는다. 4. 3에 물과 청주를 부어 끓인다. 5. 잘게 썬 청양고추를 넣어 끓인다. 6. 기름을 두른 팬에 고등어를 구워서 으깬다. 7. 믹서에 고등어, 뜨거운 물을 넣고 갈아 냄비에 넣는다. 8. 상추를 넣고 된장을 푼 다음 두부를 넣는다. 9. 깨를 갈아 넣고 후추를 뿌린다. 10. 완성된 탕에 대파를 "&"썰어 올리고 밥과 함께 낸다.") -> 1. 김치를 물에 씻는다. 2. 김치와 양파를 채 썰어 다진 마늘과 참기름으로 양념한다. 3. 2에 다진 대파를 섞고 냄비에 넣어 볶는다. 4. 3에 물과 청주를 부어 끓인다. 5. 잘게 썬 청양고추를 넣어 끓인다. 6. 기름을 두른 팬에 고등어를 구워서 으깬다. 7. 믹서에 고등어, 뜨거운 물을 넣고 갈아 냄비에 넣는다. 8. 상추를 넣고 된장을 푼 다음 두부를 넣는다. 9. 깨를 갈아 넣고 후추를 뿌린다. 10. 완성된 탕에 대파를 썰어 올리고 밥과 함께 낸다.
A59: =recipe!C59 -> 고된 밀푀유 | B59: =IFERROR(__xludf.DUMMYFUNCTION("TRIM( REGEXEXTRACT( raw!A59, ""(?s)●\s*조리 방법(.*)"" ) ) "),"1. 원형 틀을 이용해 두부를 동그랗게 자르고 얇게 포를 뜬다. 2. 기름을 두른 팬에 두부를 바삭하게 지진다. 3. 감자는 작게 썰어 끓는 물에 삶는다. 4. 고등어에 된장을 바르고 버터를 두른 팬에 굽는다. 5. 다진 마늘과 다진 생강, 청주, 미림을 부어 익힌다. 6. 버터와 된장을 섞는다. 7. 삶은 감자, 버터, 된장버터를 섞어 퓨레를 만든다. 8. 다진 할라피뇨를 넣는다. 9. 체를 이용해 구운 고등어와 소스를 분리한다. 10"&". 접시에 감자 퓨레, 고등어, 두부를 차례로 쌓는다. 11. 올리브유와 레몬즙, 유자청, 다진 상추를 섞어 가니쉬를 만든다. 12. 밀푀유 위에 가니쉬를 얹고 소스를 둘러 완성한다.") -> 1. 원형 틀을 이용해 두부를 동그랗게 자르고 얇게 포를 뜬다. 2. 기름을 두른 팬에 두부를 바삭하게 지진다. 3. 감자는 작게 썰어 끓는 물에 삶는다. 4. 고등어에 된장을 바르고 버터를 두른 팬에 굽는다. 5. 다진 마늘과 다진 생강, 청주, 미림을 부어 익힌다. 6. 버터와 된장을 섞는다. 7. 삶은 감자, 버터, 된장버터를 섞어 퓨레를 만든다. 8. 다진 할라피뇨를 넣는다. 9. 체를 이용해 구운 고등어와 소스를 분리한다. 10. 접시에 감자 퓨레, 고등어, 두부를 차례로 쌓는다. 11. 올리브유와 레몬즙, 유자청, 다진 상추를 섞어 가니쉬를 만든다. 12. 밀푀유 위에 가니쉬를 얹고 소스를 둘러 완성한다.
A60: =recipe!C60 -> 안심하드라고~! | B60: =IFERROR(__xludf.DUMMYFUNCTION("TRIM( REGEXEXTRACT( raw!A60, ""(?s)●\s*조리 방법(.*)"" ) ) "),"1. 끓는 물에 소금, 버터를 넣고 감자, 당근, 대파를 삶는다. 2. 소금, 후추 간을 한 안심을 달군 팬에 굽는다. 3. 고기를 굽는 팬에 삶은 대파를 넣어 함께 굽는다. 4. 삶은 당근에 버터, 레몬즙, 설탕을 넣고 볶아준다. 5. 4에 레몬 껍질을 갈아 넣는다. 6. 팬에 레드와인을 붓고 팥 아이스크림과 버터를 넣고 졸인다. 7. 체에 팥 건더기를 거르고 소스만 끓인다. 8. 접시에 안심 스테이크와 감자, 당근, 대파를 올리고 팥소스"&"를 뿌려낸다.") -> 1. 끓는 물에 소금, 버터를 넣고 감자, 당근, 대파를 삶는다. 2. 소금, 후추 간을 한 안심을 달군 팬에 굽는다. 3. 고기를 굽는 팬에 삶은 대파를 넣어 함께 굽는다. 4. 삶은 당근에 버터, 레몬즙, 설탕을 넣고 볶아준다. 5. 4에 레몬 껍질을 갈아 넣는다. 6. 팬에 레드와인을 붓고 팥 아이스크림과 버터를 넣고 졸인다. 7. 체에 팥 건더기를 거르고 소스만 끓인다. 8. 접시에 안심 스테이크와 감자, 당근, 대파를 올리고 팥소스를 뿌려낸다.
A61: =recipe!C61 -> 미숫가루보나라 | B61: =IFERROR(__xludf.DUMMYFUNCTION("TRIM( REGEXEXTRACT( raw!A61, ""(?s)●\s*조리 방법(.*)"" ) ) "),"1. 믹서에 우유와 미숫가루를 넣고 간다. 2. 냄비에 1을 붓고 설탕을 넣어 끓인다. 3. 달걀, 박력분, 우유를 넣고 반죽을 만든다. 4. 기름을 두른 팬에 반죽을 부어 굽는다. 5. 미숫가루 소스에 소금 간을 한다. 6. 구워진 반죽을 가늘게 썰어 면을 만든다. 7. 미숫가루 소스에 면을 넣어 끓인다. 8. 접시에 면과 소스를 담고 초콜릿을 뿌려낸다.") -> 1. 믹서에 우유와 미숫가루를 넣고 간다. 2. 냄비에 1을 붓고 설탕을 넣어 끓인다. 3. 달걀, 박력분, 우유를 넣고 반죽을 만든다. 4. 기름을 두른 팬에 반죽을 부어 굽는다. 5. 미숫가루 소스에 소금 간을 한다. 6. 구워진 반죽을 가늘게 썰어 면을 만든다. 7. 미숫가루 소스에 면을 넣어 끓인다. 8. 접시에 면과 소스를 담고 초콜릿을 뿌려낸다.
A62: =recipe!C62 -> 미소볼 | B62: =IFERROR(__xludf.DUMMYFUNCTION("TRIM( REGEXEXTRACT( raw!A62, ""(?s)●\s*조리 방법(.*)"" ) ) "),"1. 냄비에 으깬 마늘, 미트볼, 레드와인, 다진 생강을 넣고 끓인다. 2. 토마토 소스에 크림치즈를 넣어 소스를 만든다. 3. 버터를 두른 팬에 옥수수를 넣고 설탕, 간장을 넣어 볶는다. 4. 미트볼에 토마토 소스를 넣고 간장을 넣어 끓인다. 5. 고추, 팽이버섯, 새송이버섯, 대파, 양파를 굽는다. 6. 소금, 후추 간을 하고 레몬 껍질을 갈아 넣는다. 7. 채소에 레몬즙을 넣는다. 8. 미트볼에 파마산 치즈를 뿌린다. 9. 달걀 프라"&"이를 만든다. 10. 그릇에 밥, 미트볼, 달걀 프라이, 옥수수, 채소를 얹어낸다.") -> 1. 냄비에 으깬 마늘, 미트볼, 레드와인, 다진 생강을 넣고 끓인다. 2. 토마토 소스에 크림치즈를 넣어 소스를 만든다. 3. 버터를 두른 팬에 옥수수를 넣고 설탕, 간장을 넣어 볶는다. 4. 미트볼에 토마토 소스를 넣고 간장을 넣어 끓인다. 5. 고추, 팽이버섯, 새송이버섯, 대파, 양파를 굽는다. 6. 소금, 후추 간을 하고 레몬 껍질을 갈아 넣는다. 7. 채소에 레몬즙을 넣는다. 8. 미트볼에 파마산 치즈를 뿌린다. 9. 달걀 프라이를 만든다. 10. 그릇에 밥, 미트볼, 달걀 프라이, 옥수수, 채소를 얹어낸다.
A63: =recipe!C63 -> 와풍 주니어 버거 | B63: =IFERROR(__xludf.DUMMYFUNCTION("TRIM( REGEXEXTRACT( raw!A63, ""(?s)●\s*조리 방법(.*)"" ) ) "),"1. 미트볼, 통조림햄, 달걀을 함께 으깨어 섞는다. 2. 둥글게 패티를 만들어 굽는다. 3. 버터를 두른 팬에 채 썬 양파, 팽이버섯을 볶다가 소금, 후추 간을 한다. 4. 카스테라 두 개를 납작하게 누른다. 5. 패티 위에 슬라이스 치즈를 올리고 뚜껑을 닫아 치즈를 녹인다. 6. 마요네즈, 머스터드, 다진 마늘, 후추를 섞어 소스를 만든다. 7. 카스테라→패티→볶은 채소→소스→카스테라 순으로 얹어 낸다.") -> 1. 미트볼, 통조림햄, 달걀을 함께 으깨어 섞는다. 2. 둥글게 패티를 만들어 굽는다. 3. 버터를 두른 팬에 채 썬 양파, 팽이버섯을 볶다가 소금, 후추 간을 한다. 4. 카스테라 두 개를 납작하게 누른다. 5. 패티 위에 슬라이스 치즈를 올리고 뚜껑을 닫아 치즈를 녹인다. 6. 마요네즈, 머스터드, 다진 마늘, 후추를 섞어 소스를 만든다. 7. 카스테라→패티→볶은 채소→소스→카스테라 순으로 얹어 낸다.
A64: =recipe!C64 -> 트리퐁크라운 | B64: =IFERROR(__xludf.DUMMYFUNCTION("TRIM( REGEXEXTRACT( raw!A64, ""(?s)●\s*조리 방법(.*)"" ) ) "),"1. 냄비 두 개에 우유를 끓인다. 2. 크림치즈를 전자레인지에 넣어 녹인다. 3. 달걀, 설탕, 사과주스, 레몬즙을 섞어서 끓인다. 4. 3에 버터를 넣어 커스터드 크림을 만든다. 5. 체에 거른 커스터드 크림을 냉동실에 넣어 식힌다. 6. 끓인 우유에 초콜릿을 넣어 녹인다. 7. 초콜릿 소스에 호두를 갈아 넣는다. 8. 끓인 우유에 크림치즈, 레몬즙을 넣어 끓인다. 9. 크림치즈 소스에 바닐라 시럽을 넣는다. 10. 깍둑썰기 한 카스"&"테라를 접시에 담고, 크림치즈 소스, 초콜릿 소스, 커스터드 크림을 각각 담아낸다. 11. 시리얼을 잘게 부숴 함께 낸다.") -> 1. 냄비 두 개에 우유를 끓인다. 2. 크림치즈를 전자레인지에 넣어 녹인다. 3. 달걀, 설탕, 사과주스, 레몬즙을 섞어서 끓인다. 4. 3에 버터를 넣어 커스터드 크림을 만든다. 5. 체에 거른 커스터드 크림을 냉동실에 넣어 식힌다. 6. 끓인 우유에 초콜릿을 넣어 녹인다. 7. 초콜릿 소스에 호두를 갈아 넣는다. 8. 끓인 우유에 크림치즈, 레몬즙을 넣어 끓인다. 9. 크림치즈 소스에 바닐라 시럽을 넣는다. 10. 깍둑썰기 한 카스테라를 접시에 담고, 크림치즈 소스, 초콜릿 소스, 커스터드 크림을 각각 담아낸다. 11. 시리얼을 잘게 부숴 함께 낸다.
A65: =recipe!C65 -> 라벤더숲 | B65: =IFERROR(__xludf.DUMMYFUNCTION("TRIM( REGEXEXTRACT( raw!A65, ""(?s)●\s*조리 방법(.*)"" ) ) "),"1. 냄비에 우유, 설탕, 라벤더 티백을 넣어 끓인다. 2. 달걀 노른자에 설탕을 넣고 섞다가 1을 부어 함께 섞는다. 3. 체를 이용해 거품과 티백을 거르고 다시 끓인다. 4. 아사이베리즙에 레몬즙을 넣어 끓인다. 5. 다진 아몬드, 잘게 썬 사과를 완성 그릇에 깔아준다. 6. 카스테라를 얇게 썰어 아몬드와 사과 위에 얹는다. 7. 완성된 라벤더 소스를 카스테라에 붓는다. 8. 다진 초콜릿을 올린다. 9. 쿠키를 올리고 아사이베리 소스를"&" 둘러 완성한다.") -> 1. 냄비에 우유, 설탕, 라벤더 티백을 넣어 끓인다. 2. 달걀 노른자에 설탕을 넣고 섞다가 1을 부어 함께 섞는다. 3. 체를 이용해 거품과 티백을 거르고 다시 끓인다. 4. 아사이베리즙에 레몬즙을 넣어 끓인다. 5. 다진 아몬드, 잘게 썬 사과를 완성 그릇에 깔아준다. 6. 카스테라를 얇게 썰어 아몬드와 사과 위에 얹는다. 7. 완성된 라벤더 소스를 카스테라에 붓는다. 8. 다진 초콜릿을 올린다. 9. 쿠키를 올리고 아사이베리 소스를 둘러 완성한다.
A66: =recipe!C66 -> 살치는 매운 요리 | B66: =IFERROR(__xludf.DUMMYFUNCTION("TRIM( REGEXEXTRACT( raw!A66, ""(?s)●\s*조리 방법(.*)"" ) ) "),"1. 올리브유에 마늘, 페페론치노, 파슬리, 레몬즙을 넣고 끓인다. 2. 감자를 삶는다. 3. 마늘 기름을 두른 팬에 채 썬 양배추를 볶는다. 4. 소금, 후추로 간을 한 살치살을 굽는다. 5. 고추와 콜라비, 아보카도를 함께 구워준다. 6. 살치살과 볶은 양배추를 접시에 담는다. 7. 구운 고추를 올리고 마늘 기름을 둘러 완성한다.") -> 1. 올리브유에 마늘, 페페론치노, 파슬리, 레몬즙을 넣고 끓인다. 2. 감자를 삶는다. 3. 마늘 기름을 두른 팬에 채 썬 양배추를 볶는다. 4. 소금, 후추로 간을 한 살치살을 굽는다. 5. 고추와 콜라비, 아보카도를 함께 구워준다. 6. 살치살과 볶은 양배추를 접시에 담는다. 7. 구운 고추를 올리고 마늘 기름을 둘러 완성한다.
A67: =recipe!C67 -> 삼고마비 | B67: =IFERROR(__xludf.DUMMYFUNCTION("TRIM( REGEXEXTRACT( raw!A67, ""(?s)●\s*조리 방법(.*)"" ) ) "),"1. 올리브유에 대파를 넣어 끓인다. 2. 1에 고춧가루, 페페론치노를 넣어 함께 끓인다. 3. 얇게 채 썬 콜라비에 소금을 뿌려 숨을 죽인다. 3. 소금, 후추 간을 한 꽃갈비살을 굽는다. 4. 익힌 꽃갈비살을 얇게 썬다. 5. 콜라비에 매실액을 넣는다. 6. 콜라비에 다진 대파와 설탕을 넣어 섞는다. 7. 끓인 기름을 체에 거르고 꿀과 레몬즙을 넣고 섞는다. 8. 접시에 꽃갈비살과 콜라비를 올리고 기름을 두른다. 9. 얇게 썬 청양고"&"추와 레몬 껍질을 갈아 올려서 완성한다.") -> 1. 올리브유에 대파를 넣어 끓인다. 2. 1에 고춧가루, 페페론치노를 넣어 함께 끓인다. 3. 얇게 채 썬 콜라비에 소금을 뿌려 숨을 죽인다. 3. 소금, 후추 간을 한 꽃갈비살을 굽는다. 4. 익힌 꽃갈비살을 얇게 썬다. 5. 콜라비에 매실액을 넣는다. 6. 콜라비에 다진 대파와 설탕을 넣어 섞는다. 7. 끓인 기름을 체에 거르고 꿀과 레몬즙을 넣고 섞는다. 8. 접시에 꽃갈비살과 콜라비를 올리고 기름을 두른다. 9. 얇게 썬 청양고추와 레몬 껍질을 갈아 올려서 완성한다.
A68: =recipe!C68 -> 가슴이 콩닭콩닭 | B68: =IFERROR(__xludf.DUMMYFUNCTION("TRIM( REGEXEXTRACT( raw!A68, ""(?s)●\s*조리 방법(.*)"" ) ) "),"1. 팬에 호일을 깔고 설탕, 파슬리를 가득 뿌린다. 2. 닭가슴살은 얇게 포를 뜬다. 3. 올리브유, 고춧가루, 후추, 소금으로 간을 한다. 4. 그릴에 닭가슴살을 올리고 뚜껑을 닫아 훈제한다. 5. 올리브유, 소금, 후추로 간을 한 애호박과 양파, 고추를 굽는다. 6. 동그랗게 파낸 콜라비를 채소와 함께 굽는다. 8. 호일에 소금을 뿌려 연기를 더한다. 8. 구운 채소에 올리브유, 발사믹 드레싱을 넣어 섞는다. 9. 접시에 채소와 훈제 닭가슴살을 올"&"리고 파슬리를 뿌려준다. 10. 다진 마늘을 섞은 발사믹 드레싱과 구운 콜라비를 올려 완성한다.") -> 1. 팬에 호일을 깔고 설탕, 파슬리를 가득 뿌린다. 2. 닭가슴살은 얇게 포를 뜬다. 3. 올리브유, 고춧가루, 후추, 소금으로 간을 한다. 4. 그릴에 닭가슴살을 올리고 뚜껑을 닫아 훈제한다. 5. 올리브유, 소금, 후추로 간을 한 애호박과 양파, 고추를 굽는다. 6. 동그랗게 파낸 콜라비를 채소와 함께 굽는다. 8. 호일에 소금을 뿌려 연기를 더한다. 8. 구운 채소에 올리브유, 발사믹 드레싱을 넣어 섞는다. 9. 접시에 채소와 훈제 닭가슴살을 올리고 파슬리를 뿌려준다. 10. 다진 마늘을 섞은 발사믹 드레싱과 구운 콜라비를 올려 완성한다.
A69: =recipe!C69 -> 나 혼자 쓰리볼 | B69: =IFERROR(__xludf.DUMMYFUNCTION("TRIM( REGEXEXTRACT( raw!A69, ""(?s)●\s*조리 방법(.*)"" ) ) "),"1. 물에 화이트와인을 넣고 끓인다. 2. 닭가슴살과 달걀 흰자, 크림소스, 소금, 후추를 믹서기에 넣고 간다. 3. 닭가슴살을 같은 양으로 3등분한다. 4. 3개로 나눈 닭가슴살에 각각 크림소스를 넣어준다. 5. 첫 번째 볼 : 닭가슴살 + 크림소스 + 바질페스토 6. 두 번째 볼 : 닭가슴살 + 크림소스 + 다진 청양고추, 페페론치노 7. 세 번째 볼 : 닭가슴살 + 크림소스 8. 숟가락을 이용해 닭가슴살을 완자 모양으로 만들어 끓는 물"&"에 삶는다. 9. 마늘과 양파를 다져서 볶다가 완자 삶은 물을 넣어준다. 10. 10에 크림소스를 넣고 후추, 파르메산 치즈를 뿌린다. 11. 익은 완자를 건지고 크림소스 완자에 훈제연어를 두른다. 12. 크림소스 위에 세 종류의 완자를 올린다. 13. 석류와 볶은 현미를 올려 완성한다.") -> 1. 물에 화이트와인을 넣고 끓인다. 2. 닭가슴살과 달걀 흰자, 크림소스, 소금, 후추를 믹서기에 넣고 간다. 3. 닭가슴살을 같은 양으로 3등분한다. 4. 3개로 나눈 닭가슴살에 각각 크림소스를 넣어준다. 5. 첫 번째 볼 : 닭가슴살 + 크림소스 + 바질페스토 6. 두 번째 볼 : 닭가슴살 + 크림소스 + 다진 청양고추, 페페론치노 7. 세 번째 볼 : 닭가슴살 + 크림소스 8. 숟가락을 이용해 닭가슴살을 완자 모양으로 만들어 끓는 물에 삶는다. 9. 마늘과 양파를 다져서 볶다가 완자 삶은 물을 넣어준다. 10. 10에 크림소스를 넣고 후추, 파르메산 치즈를 뿌린다. 11. 익은 완자를 건지고 크림소스 완자에 훈제연어를 두른다. 12. 크림소스 위에 세 종류의 완자를 올린다. 13. 석류와 볶은 현미를 올려 완성한다.
A70: =recipe!C70 -> 연양만점 | B70: =IFERROR(__xludf.DUMMYFUNCTION("TRIM( REGEXEXTRACT( raw!A70, ""(?s)●\s*조리 방법(.*)"" ) ) "),"1. 채 썬 양배추에 소금으로 간을 한 후 볶아준다. 2. 감자, 대파, 양파를 채 썰어 물기를 뺀다. 3. 훈제연어를 랩에 싼 다음 두드려준다. 4. 플레인 요거트에 레몬즙, 다진 양파를 넣고 섞는다. 5. 발사믹 식초에 설탕을 넣고 졸인다. 6. 연어에 볶은 양배추를 올려 감싼 다음 모양을 잡아준다. 7. 요거트 소스에 레몬 껍질을 갈아 넣는다. 8. 접시에 요거트 소스를 깔고 연어쌈을 올린다. 9. 감자, 대파, 양파를 기름에 튀긴다"&". 10. 연어쌈 위에 튀긴 채소를 올리고 발사믹 소스를 뿌려준다. 11. 딸기에 발사믹 소스를 뿌려 같이 낸다.") -> 1. 채 썬 양배추에 소금으로 간을 한 후 볶아준다. 2. 감자, 대파, 양파를 채 썰어 물기를 뺀다. 3. 훈제연어를 랩에 싼 다음 두드려준다. 4. 플레인 요거트에 레몬즙, 다진 양파를 넣고 섞는다. 5. 발사믹 식초에 설탕을 넣고 졸인다. 6. 연어에 볶은 양배추를 올려 감싼 다음 모양을 잡아준다. 7. 요거트 소스에 레몬 껍질을 갈아 넣는다. 8. 접시에 요거트 소스를 깔고 연어쌈을 올린다. 9. 감자, 대파, 양파를 기름에 튀긴다. 10. 연어쌈 위에 튀긴 채소를 올리고 발사믹 소스를 뿌려준다. 11. 딸기에 발사믹 소스를 뿌려 같이 낸다.
A71: =recipe!C71 -> 의기양양 | B71: =IFERROR(__xludf.DUMMYFUNCTION("TRIM( REGEXEXTRACT( raw!A71, ""(?s)●\s*조리 방법(.*)"" ) ) "),"1. 즉석밥을 전자레인지에 돌린다. 2. 양배추를 잘게 썰어 볶아준다. 3. 채 썬 양파, 파를 넣고 함께 볶는다. 4. 훈제오리를 잘게 썰어 버터와 함께 볶는다. 5. 4에 후추, 으깬 마늘을 넣어 볶는다. 6. 볶던 양배추에 닭가슴살을 넣어 함께 볶는다. 7. 후추와 쯔유를 넣어준다. 8. 다진 생강을 넣는다. 9. 체를 이용해 훈제오리의 기름을 걸러준다. 10. 백김치 국물을 넣어 훈제오리에 간을 한다. 11. 볶은 양배추와 닭가슴살에 달걀물을 넣"&"고 살짝 익힌다. 12. 밥 위에 11을 올리고 훈제오리, 어린잎 채소를 올려 완성한다") -> 1. 즉석밥을 전자레인지에 돌린다. 2. 양배추를 잘게 썰어 볶아준다. 3. 채 썬 양파, 파를 넣고 함께 볶는다. 4. 훈제오리를 잘게 썰어 버터와 함께 볶는다. 5. 4에 후추, 으깬 마늘을 넣어 볶는다. 6. 볶던 양배추에 닭가슴살을 넣어 함께 볶는다. 7. 후추와 쯔유를 넣어준다. 8. 다진 생강을 넣는다. 9. 체를 이용해 훈제오리의 기름을 걸러준다. 10. 백김치 국물을 넣어 훈제오리에 간을 한다. 11. 볶은 양배추와 닭가슴살에 달걀물을 넣고 살짝 익힌다. 12. 밥 위에 11을 올리고 훈제오리, 어린잎 채소를 올려 완성한다
A72: =recipe!C72 -> 감자봤수란 | B72: =IFERROR(__xludf.DUMMYFUNCTION("TRIM( REGEXEXTRACT( raw!A72, ""(?s)●\s*조리 방법(.*)"" ) ) "),"1. 강판을 이용해 감자를 채 썬다. 2. 채 썬 감자에 소금을 넣어 수분을 뺀다. 3. 얼음물에 어린잎 채소와 양파를 담가 둔다. 4. 감자를 손으로 짜 수분을 빼내고 밀가루를 넣어 섞어준다. 5. 채 썬 감자를 팬에 올려 굽는다. 6. 감자전에 버터를 넣어 굽는다. 7. 쯔유, 매실액, 후추, 으깬 깨를 함께 넣고 끓인다. 8. 끓는 물에 소금과 식초를 넣는다. 9. 물을 저어 회오리를 만든 후 달걀을 넣어 수란을 만든다. 10. 소스에 버터와 밀가"&"루를 넣어 함께 끓인다. 11. 채소를 면포로 싼 다음 크게 휘둘러 물기를 뺀다. 12. 접시에 감자전, 채소, 수란, 잘게 썬 마늘장아찌를 올린다. 13. 소스를 따로 담아낸다.") -> 1. 강판을 이용해 감자를 채 썬다. 2. 채 썬 감자에 소금을 넣어 수분을 뺀다. 3. 얼음물에 어린잎 채소와 양파를 담가 둔다. 4. 감자를 손으로 짜 수분을 빼내고 밀가루를 넣어 섞어준다. 5. 채 썬 감자를 팬에 올려 굽는다. 6. 감자전에 버터를 넣어 굽는다. 7. 쯔유, 매실액, 후추, 으깬 깨를 함께 넣고 끓인다. 8. 끓는 물에 소금과 식초를 넣는다. 9. 물을 저어 회오리를 만든 후 달걀을 넣어 수란을 만든다. 10. 소스에 버터와 밀가루를 넣어 함께 끓인다. 11. 채소를 면포로 싼 다음 크게 휘둘러 물기를 뺀다. 12. 접시에 감자전, 채소, 수란, 잘게 썬 마늘장아찌를 올린다. 13. 소스를 따로 담아낸다.
A73: =recipe!C73 -> 미치고 팔닭 | B73: =IFERROR(__xludf.DUMMYFUNCTION("TRIM( REGEXEXTRACT( raw!A73, ""(?s)●\s*조리 방법(.*)"" ) ) "),"1. 팬에 다진 마늘, 채 썬 양파를 넣어 볶는다. 2. 체를 이용해 인절미의 콩고물을 털어낸다. 3. 기름을 두른 팬에 인절미를 굽는다. 4. 양파에 후추, 간장, 조미료, 닭가슴살 통조림을 넣고 함께 볶는다. 5. 구운 인절미 위에 볶은 재료를 올리고 감싼다. 6. 접시에 구운 인절미를 올리고 콩고물, 꿀을 함께 낸다.") -> 1. 팬에 다진 마늘, 채 썬 양파를 넣어 볶는다. 2. 체를 이용해 인절미의 콩고물을 털어낸다. 3. 기름을 두른 팬에 인절미를 굽는다. 4. 양파에 후추, 간장, 조미료, 닭가슴살 통조림을 넣고 함께 볶는다. 5. 구운 인절미 위에 볶은 재료를 올리고 감싼다. 6. 접시에 구운 인절미를 올리고 콩고물, 꿀을 함께 낸다.
A74: =recipe!C74 -> 2연타 | B74: =IFERROR(__xludf.DUMMYFUNCTION("TRIM( REGEXEXTRACT( raw!A74, ""(?s)●\s*조리 방법(.*)"" ) ) "),"1. 적당한 크기로 썬 연어에 소금, 후추 간을 한다. 2. 기름을 두른 팬에 연어의 겉면만 익힌다. 3. 양배추, 옥수수 통조림, 후추, 매운 오리엔탈 소스를 섞어 샐러드를 만든다. 4. 샐러드에 레몬즙을 넣어준다. 5. 양파는 잘게 썬 후 물에 담가 아린 맛을 뺀다. 6. 고추장아찌, 방울토마토, 연어를 다진다. 7. 다진 재료에 후추, 핫소스, 올리브유, 마요네즈를 섞어 준다. 8. 참치, 마요네즈, 크림치즈, 우유를 섞은 후 갈아서 소스를 만든다"&". 9. 겉만 익힌 연어를 적당한 크기로 썬다. 10. 접시에 샐러드를 깔고 연어 타타키를 올린 후 참치 소스를 뿌린다. 11. 원형 틀을 이용해 타타키를 담고 방울토마토와 청포도를 올려낸다.") -> 1. 적당한 크기로 썬 연어에 소금, 후추 간을 한다. 2. 기름을 두른 팬에 연어의 겉면만 익힌다. 3. 양배추, 옥수수 통조림, 후추, 매운 오리엔탈 소스를 섞어 샐러드를 만든다. 4. 샐러드에 레몬즙을 넣어준다. 5. 양파는 잘게 썬 후 물에 담가 아린 맛을 뺀다. 6. 고추장아찌, 방울토마토, 연어를 다진다. 7. 다진 재료에 후추, 핫소스, 올리브유, 마요네즈를 섞어 준다. 8. 참치, 마요네즈, 크림치즈, 우유를 섞은 후 갈아서 소스를 만든다. 9. 겉만 익힌 연어를 적당한 크기로 썬다. 10. 접시에 샐러드를 깔고 연어 타타키를 올린 후 참치 소스를 뿌린다. 11. 원형 틀을 이용해 타타키를 담고 방울토마토와 청포도를 올려낸다.
A75: =recipe!C75 -> 홍런볼 | B75: =IFERROR(__xludf.DUMMYFUNCTION("TRIM( REGEXEXTRACT( raw!A75, ""(?s)●\s*조리 방법(.*)"" ) ) "),"1. 연어를 얇게 썬다. 2. 레몬 껍질, 레몬즙, 소금, 후추를 섞은 소스에 연어를 절인다. 3. 멸치볶음을 버터에 볶는다. 4. 즉석밥에 멸치볶음, 다진 고추장아찌, 참기름을 넣어 섞는다. 5. 주먹밥을 만들어 김자반에 굴린다. 6. 양배추와 과일을 잘게 썰어 그릇에 담는다. 7. 유산균 음료, 딸기 요거트, 올리브 오일을 섞어 요거트 소스를 만든다. 8. 양배추와 과일에 요거트 소스를 섞는다. 9. 접시에 과일 샐러드를 깔고 주먹밥, 연어 세비체를"&" 올린다. 10. 요거트 소스를 뿌려 완성한다.") -> 1. 연어를 얇게 썬다. 2. 레몬 껍질, 레몬즙, 소금, 후추를 섞은 소스에 연어를 절인다. 3. 멸치볶음을 버터에 볶는다. 4. 즉석밥에 멸치볶음, 다진 고추장아찌, 참기름을 넣어 섞는다. 5. 주먹밥을 만들어 김자반에 굴린다. 6. 양배추와 과일을 잘게 썰어 그릇에 담는다. 7. 유산균 음료, 딸기 요거트, 올리브 오일을 섞어 요거트 소스를 만든다. 8. 양배추와 과일에 요거트 소스를 섞는다. 9. 접시에 과일 샐러드를 깔고 주먹밥, 연어 세비체를 올린다. 10. 요거트 소스를 뿌려 완성한다.
A76: =recipe!C76 -> 비어 쉬림프 | B76: =IFERROR(__xludf.DUMMYFUNCTION("TRIM( REGEXEXTRACT( raw!A76, ""(?s)●\s*조리 방법(.*)"" ) ) "),"1. 새우는 물기를 제거하고 소금, 후추, 마늘을 넣어 재워둔다. 2. 달걀 노른자와 흰자를 분리해 흰자는 냉장고에 넣어둔다. 3. 노른자에 소금, 밀가루를 섞어 튀김옷을 만든다. 4. 튀김옷에 맥주를 넣고, 레몬껍질을 갈아 넣는다. 5. 양배추, 당근을 채썰고 소금, 올리브유, 식초로 양념해 샐러드를 만든다. 6. 냉장고에서 달걀 흰자를 꺼내 거품을 낸다. 7. 튀김옷에 거품을 낸 달걀 흰자를 넣어 접듯이 섞는다. 8. 새우에 튀김옷을 입"&"혀 튀긴다. 9. 접시에 샐러드를 얹고 새우튀김과 레몬을 올려 완성한다.") -> 1. 새우는 물기를 제거하고 소금, 후추, 마늘을 넣어 재워둔다. 2. 달걀 노른자와 흰자를 분리해 흰자는 냉장고에 넣어둔다. 3. 노른자에 소금, 밀가루를 섞어 튀김옷을 만든다. 4. 튀김옷에 맥주를 넣고, 레몬껍질을 갈아 넣는다. 5. 양배추, 당근을 채썰고 소금, 올리브유, 식초로 양념해 샐러드를 만든다. 6. 냉장고에서 달걀 흰자를 꺼내 거품을 낸다. 7. 튀김옷에 거품을 낸 달걀 흰자를 넣어 접듯이 섞는다. 8. 새우에 튀김옷을 입혀 튀긴다. 9. 접시에 샐러드를 얹고 새우튀김과 레몬을 올려 완성한다.
A77: =recipe!C77 -> 치튀치튀뱅뱅 | B77: =IFERROR(__xludf.DUMMYFUNCTION("TRIM( REGEXEXTRACT( raw!A77, ""(?s)●\s*조리 방법(.*)"" ) ) "),"1. 크림치즈를 적당한 크기로 썬다. 2. 크림치즈를 둥글게 빚어 밀가루를 묻힌다. 3. 버터, 딸기, 토마토소스를 끓여 소스를 만든다. 4. 소스를 갈아 체에 거른다. 5. 소스에 딸기잼을 넣는다. 6. 다른 냄비에 오리엔탈 드레싱, 딸기잼을 섞은 후 갈아서 두 번째 소스를 만든다. 7. 밀가루에 물을 넣어 튀김옷을 만든 후 얼음을 넣는다. 8. 크림치즈에 튀김옷을 입혀 튀긴다. 9. 튀김 위에 반죽을 뿌려 눈꽃 모양을 만든다. 10."&" 청포도를 얇게 썬다. 11. 접시에 두 가지 소스, 크림치즈 튀김, 청포도를 올려 완성한다.") -> 1. 크림치즈를 적당한 크기로 썬다. 2. 크림치즈를 둥글게 빚어 밀가루를 묻힌다. 3. 버터, 딸기, 토마토소스를 끓여 소스를 만든다. 4. 소스를 갈아 체에 거른다. 5. 소스에 딸기잼을 넣는다. 6. 다른 냄비에 오리엔탈 드레싱, 딸기잼을 섞은 후 갈아서 두 번째 소스를 만든다. 7. 밀가루에 물을 넣어 튀김옷을 만든 후 얼음을 넣는다. 8. 크림치즈에 튀김옷을 입혀 튀긴다. 9. 튀김 위에 반죽을 뿌려 눈꽃 모양을 만든다. 10. 청포도를 얇게 썬다. 11. 접시에 두 가지 소스, 크림치즈 튀김, 청포도를 올려 완성한다.
A78: =recipe!C78 -> 사우나 육국수 | B78: =IFERROR(__xludf.DUMMYFUNCTION("TRIM( REGEXEXTRACT( raw!A78, ""(?s)●\s*조리 방법(.*)"" ) ) "),"1. 물에 으깬 냉동만두, 생강즙, 다진 마늘, 소주를 넣고 끓여 육수를 낸다. 2. 다진 마늘, 양파, 대파, 고춧가루, 페페론치노를 함께 볶는다. 3. 2에 소주를 넣고 볶아 다진 양념을 만든다. 4. 다진 양념에 등심, 양송이버섯을 넣고 볶아준다. 5. 육수를 체에 거른 후 다진 양념에 부어 끓인다. 6. 국물에 된장, 다진 마늘을 넣어 끓인다. 7. 마카다미아를 잘게 부순다. 8. 넓게 펼친 곶감에 마카다미아를 놓고 말아준 다음 적당한 크기로 썬"&"다. 9. 바닐라 아이스크림 위에 마카다미아 곶감말이를 올린다. 10. 소면을 삶은 후 찬물에 헹군다. 11. 소면 위에 육개장 국물을 붓고 깻잎을 올린 후 밥과 함께 낸다.") -> 1. 물에 으깬 냉동만두, 생강즙, 다진 마늘, 소주를 넣고 끓여 육수를 낸다. 2. 다진 마늘, 양파, 대파, 고춧가루, 페페론치노를 함께 볶는다. 3. 2에 소주를 넣고 볶아 다진 양념을 만든다. 4. 다진 양념에 등심, 양송이버섯을 넣고 볶아준다. 5. 육수를 체에 거른 후 다진 양념에 부어 끓인다. 6. 국물에 된장, 다진 마늘을 넣어 끓인다. 7. 마카다미아를 잘게 부순다. 8. 넓게 펼친 곶감에 마카다미아를 놓고 말아준 다음 적당한 크기로 썬다. 9. 바닐라 아이스크림 위에 마카다미아 곶감말이를 올린다. 10. 소면을 삶은 후 찬물에 헹군다. 11. 소면 위에 육개장 국물을 붓고 깻잎을 올린 후 밥과 함께 낸다.
A79: =recipe!C79 -> 완소짬뽕 | B79: =IFERROR(__xludf.DUMMYFUNCTION("TRIM( REGEXEXTRACT( raw!A79, ""(?s)●\s*조리 방법(.*)"" ) ) "),"1. 낙지를 먹기 좋은 크기로 썬다. 2. 고추, 양송이버섯, 양파, 마늘, 대파 등 채소를 손질해 둔다. 3. 손질한 새우를 다진다. 4. 칼국수 면을 삶는다. 5. 고추와 대파에 간장을 넣어 볶는다. 6. 나머지 채소, 고춧가루를 넣고 볶다가 면수를 부어준다. 7. 6에 낙지를 넣어 함께 끓인다. 8. 새우, 전분, 달걀물을 섞어 반죽한다. 9. 새우 완자를 만들어 국물에 넣고 끓인다. 10. 칼국수 면을 건져 찬물→뜨거운물→찬물 순으로 헹구고 접시"&"에 담는다. 11. 면에 짬뽕 국물을 부어 마무리한다.") -> 1. 낙지를 먹기 좋은 크기로 썬다. 2. 고추, 양송이버섯, 양파, 마늘, 대파 등 채소를 손질해 둔다. 3. 손질한 새우를 다진다. 4. 칼국수 면을 삶는다. 5. 고추와 대파에 간장을 넣어 볶는다. 6. 나머지 채소, 고춧가루를 넣고 볶다가 면수를 부어준다. 7. 6에 낙지를 넣어 함께 끓인다. 8. 새우, 전분, 달걀물을 섞어 반죽한다. 9. 새우 완자를 만들어 국물에 넣고 끓인다. 10. 칼국수 면을 건져 찬물→뜨거운물→찬물 순으로 헹구고 접시에 담는다. 11. 면에 짬뽕 국물을 부어 마무리한다.
A80: =recipe!C80 -> 털업 샐러드 | B80: =IFERROR(__xludf.DUMMYFUNCTION("TRIM( REGEXEXTRACT( raw!A80, ""(?s)●\s*조리 방법(.*)"" ) ) "),"1. 물에 된장을 풀어 육수를 낸다. 2. 양파, 당근을 다져서 팬에 볶는다. 3. 볶던 채소에 된장 육수를 부어 졸인다. 4. 3에 불려놓은 렌틸콩을 넣어 졸인다. 5. 페페론치노, 청양고추를 넣어준다. 6. 버터에 마늘을 다져 넣어 마늘버터를 만든다. 7. 주꾸미, 새우를 손질해 마늘버터에 넣고 고춧가루로 간을 한다. 8. 주꾸미와 새우에 레몬즙을 뿌려준다. 9. 렌틸콩에 파르메산 치즈를 뿌린다. 10. 요거트에 메이플 시럽, 레몬즙, 레몬껍질을 섞"&"어 소스를 만든다. 11. 렌틸콩 위에 주꾸미, 새우를 올린 다음 요거트 소스를 담아낸다.") -> 1. 물에 된장을 풀어 육수를 낸다. 2. 양파, 당근을 다져서 팬에 볶는다. 3. 볶던 채소에 된장 육수를 부어 졸인다. 4. 3에 불려놓은 렌틸콩을 넣어 졸인다. 5. 페페론치노, 청양고추를 넣어준다. 6. 버터에 마늘을 다져 넣어 마늘버터를 만든다. 7. 주꾸미, 새우를 손질해 마늘버터에 넣고 고춧가루로 간을 한다. 8. 주꾸미와 새우에 레몬즙을 뿌려준다. 9. 렌틸콩에 파르메산 치즈를 뿌린다. 10. 요거트에 메이플 시럽, 레몬즙, 레몬껍질을 섞어 소스를 만든다. 11. 렌틸콩 위에 주꾸미, 새우를 올린 다음 요거트 소스를 담아낸다.
A81: =recipe!C81 -> 하우 두 유두? | B81: =IFERROR(__xludf.DUMMYFUNCTION("TRIM( REGEXEXTRACT( raw!A81, ""(?s)●\s*조리 방법(.*)"" ) ) "),"1. 면포를 이용해 두부의 물기를 뺀다. 2. 잘게 썬 소고기 등심에 소금, 후추 간을 하고 믹서에 간다. 3. 2에 양송이버섯을 넣고 함께 간다. 4. 국수장국, 맛술, 식초, 다진 생강을 넣어 소스를 만든다. 5. 소스에 대파를 넣어 끓인다. 6. 소스에 전분물을 풀어 넣는다. 7. 두부, 소고기, 버섯, 달걀을 섞어 반죽한다. 8. 반죽을 동그랗게 빚어 밀가루를 묻힌 후 팬에 굽는다. 9. 다진 양파에 버터를 넣고 볶아준다. 10."&" 양파에 케첩, 돈가스 소스, 설탕을 넣어 두 번째 소스를 만든다. 11. 레드페퍼를 넣어 끓인다. 12. 두부 스테이크에 간장 소스, 케첩 소스를 뿌려 낸다.") -> 1. 면포를 이용해 두부의 물기를 뺀다. 2. 잘게 썬 소고기 등심에 소금, 후추 간을 하고 믹서에 간다. 3. 2에 양송이버섯을 넣고 함께 간다. 4. 국수장국, 맛술, 식초, 다진 생강을 넣어 소스를 만든다. 5. 소스에 대파를 넣어 끓인다. 6. 소스에 전분물을 풀어 넣는다. 7. 두부, 소고기, 버섯, 달걀을 섞어 반죽한다. 8. 반죽을 동그랗게 빚어 밀가루를 묻힌 후 팬에 굽는다. 9. 다진 양파에 버터를 넣고 볶아준다. 10. 양파에 케첩, 돈가스 소스, 설탕을 넣어 두 번째 소스를 만든다. 11. 레드페퍼를 넣어 끓인다. 12. 두부 스테이크에 간장 소스, 케첩 소스를 뿌려 낸다.
A82: =recipe!C82 -> 치즈 듬풍 토스트 | B82: =IFERROR(__xludf.DUMMYFUNCTION("TRIM( REGEXEXTRACT( raw!A82, ""(?s)●\s*조리 방법(.*)"" ) ) "),"1. 설탕에 물을 넣고 끓여 시럽을 만든다. 2. 시럽에 호두를 넣어 졸인다. 3. 버터를 두른 팬에 소금을 뿌린 후 식빵을 굽는다. 4. 식빵 위에 체다 치즈 > 모차렐라 치즈 순서로 얹어준다. 5. 치즈 위에 시럽에 졸인 호두를 올린다. 6. 호두 위에 체다 치즈를 올리고, 구운 식빵을 덮어 치즈를 녹인다. 7. 식빵을 반으로 자른 다음 접시에 올려 낸다.") -> 1. 설탕에 물을 넣고 끓여 시럽을 만든다. 2. 시럽에 호두를 넣어 졸인다. 3. 버터를 두른 팬에 소금을 뿌린 후 식빵을 굽는다. 4. 식빵 위에 체다 치즈 > 모차렐라 치즈 순서로 얹어준다. 5. 치즈 위에 시럽에 졸인 호두를 올린다. 6. 호두 위에 체다 치즈를 올리고, 구운 식빵을 덮어 치즈를 녹인다. 7. 식빵을 반으로 자른 다음 접시에 올려 낸다.
A83: =recipe!C83 -> 샘 앤 치즈 그라탱 | B83: =IFERROR(__xludf.DUMMYFUNCTION("TRIM( REGEXEXTRACT( raw!A83, ""(?s)●\s*조리 방법(.*)"" ) ) "),"1. 감자를 얇게 썰어 소금을 넣고 삶는다. 2. 마카로니에 소금을 넣고 삶는다. 3. 버터에 밀가루를 넣고 볶다가 우유, 소금을 넣어 끓인다. 4. 3에 모차렐라 치즈와 체다 치즈를 넣어 끓인다. 5. 삶은 감자에 버터, 소금, 후추, 치즈 소스를 넣고 으깬다. 6. 양파를 볶는다. 7. 볶던 양파에 삶은 마카로니, 버터, 후추를 넣고 함께 볶는다. 8. 7에 치즈 소스와 체다 치즈를 넣어준다. 9. 그릇에 볶은 마카로니를 넣고 후추를 "&"뿌려준다. 10. 마카로니 위에 으깬 감자를 얹고 토치로 표면을 익혀 낸다.") -> 1. 감자를 얇게 썰어 소금을 넣고 삶는다. 2. 마카로니에 소금을 넣고 삶는다. 3. 버터에 밀가루를 넣고 볶다가 우유, 소금을 넣어 끓인다. 4. 3에 모차렐라 치즈와 체다 치즈를 넣어 끓인다. 5. 삶은 감자에 버터, 소금, 후추, 치즈 소스를 넣고 으깬다. 6. 양파를 볶는다. 7. 볶던 양파에 삶은 마카로니, 버터, 후추를 넣고 함께 볶는다. 8. 7에 치즈 소스와 체다 치즈를 넣어준다. 9. 그릇에 볶은 마카로니를 넣고 후추를 뿌려준다. 10. 마카로니 위에 으깬 감자를 얹고 토치로 표면을 익혀 낸다.
A84: =recipe!C84 -> 베리베리 러블리걸 | B84: =IFERROR(__xludf.DUMMYFUNCTION("TRIM( REGEXEXTRACT( raw!A84, ""(?s)●\s*조리 방법(.*)"" ) ) "),"1. 끓는 물에 마카로니와 소금을 넣어 삶는다. 2. 블루베리에 설탕을 부어 졸인다. 3. 우유를 따뜻하게 데운다. 4. 데운 우유에 설탕, 달걀, 버터를 넣어 섞는다. 5. 삶은 마카로니를 건져 찬물에 헹군 후, 버터를 넣고 볶는다. 6. 그릇에 버터를 바른다. 7. 호두를 잘게 다진다. 8. 그릇에 마카로니, 다진 호두, 달걀을 섞은 우유를 넣어준다. 9. 7을 전자레인지에 넣어 익힌다. 10. 접시에 마카로니, 키위, 블루베리, 석류를 올려서 완성"&"한다.") -> 1. 끓는 물에 마카로니와 소금을 넣어 삶는다. 2. 블루베리에 설탕을 부어 졸인다. 3. 우유를 따뜻하게 데운다. 4. 데운 우유에 설탕, 달걀, 버터를 넣어 섞는다. 5. 삶은 마카로니를 건져 찬물에 헹군 후, 버터를 넣고 볶는다. 6. 그릇에 버터를 바른다. 7. 호두를 잘게 다진다. 8. 그릇에 마카로니, 다진 호두, 달걀을 섞은 우유를 넣어준다. 9. 7을 전자레인지에 넣어 익힌다. 10. 접시에 마카로니, 키위, 블루베리, 석류를 올려서 완성한다.
A85: =recipe!C85 -> LOL : The love of your life | B85: =IFERROR(__xludf.DUMMYFUNCTION("TRIM( REGEXEXTRACT( raw!A85, ""(?s)●\s*조리 방법(.*)"" ) ) "),"1. 감자를 잘게 자른다. 2. 끓는 물에 소금을 넣고 감자를 삶는다. 3. 삶은 감자에 우유와 소금을 넣고 끓인다. 4. 버터를 두른 팬에 만두소와 불고기를 볶는다. 5. 식빵의 가장자리를 자르고 밀대로 밀어 얇게 편다. 6. 식빵에 볶은 고기를 넣고 말아서 팬에 굽는다. 7. 부추와 올리브오일을 믹서에 넣고 갈아 부추오일을 만든다. 8. 복분자 원액, 설탕, 석류즙을 넣고 끓여 소스를 만든다. 9. 만두피를 튀긴다. 10. 감자에 강황 가루를 넣고 "&"블렌더로 갈아준다. 11. 10에 우유와 버터를 넣어 함께 간다. 12. 불고기롤에 복분자 소스를 바른다. 13. 접시에 감자 퓌레, 불고기롤, 부추오일, 튀긴 만두피를 올려서 완성한다.") -> 1. 감자를 잘게 자른다. 2. 끓는 물에 소금을 넣고 감자를 삶는다. 3. 삶은 감자에 우유와 소금을 넣고 끓인다. 4. 버터를 두른 팬에 만두소와 불고기를 볶는다. 5. 식빵의 가장자리를 자르고 밀대로 밀어 얇게 편다. 6. 식빵에 볶은 고기를 넣고 말아서 팬에 굽는다. 7. 부추와 올리브오일을 믹서에 넣고 갈아 부추오일을 만든다. 8. 복분자 원액, 설탕, 석류즙을 넣고 끓여 소스를 만든다. 9. 만두피를 튀긴다. 10. 감자에 강황 가루를 넣고 블렌더로 갈아준다. 11. 10에 우유와 버터를 넣어 함께 간다. 12. 불고기롤에 복분자 소스를 바른다. 13. 접시에 감자 퓌레, 불고기롤, 부추오일, 튀긴 만두피를 올려서 완성한다.
A86: =recipe!C86 -> 순결한 튀김 | B86: =IFERROR(__xludf.DUMMYFUNCTION("TRIM( REGEXEXTRACT( raw!A86, ""(?s)●\s*조리 방법(.*)"" ) ) "),"1. 소고기 안심을 반으로 갈라 넓게 편다. 2. 소고기 안심에 소금, 후추로 간을 한다. 3. 사과를 다진다. 4. 넓게 편 소고기 안심에 사과와 블루 치즈를 넣어 말아준다. 5. 안심롤에 밀가루>달걀물>빵가루 순서로 튀김옷을 입힌다. 6. 안심롤을 기름에 튀긴다. 7. 튀긴 안심롤을 전자레인지에 넣어 속까지 익힌다. 8. 청양고추, 태국고추, 멸치액젓, 식초, 레몬즙, 설탕, 다진 마늘, 다진 파를 섞어 소스를 만든다. 9. 8에 다진"&" 마카다미아와 레몬청을 넣어 소스를 완성한다. 10. 양상추 위에 안심롤을 올리고 후추를 뿌린 후 소스와 함께 낸다.") -> 1. 소고기 안심을 반으로 갈라 넓게 편다. 2. 소고기 안심에 소금, 후추로 간을 한다. 3. 사과를 다진다. 4. 넓게 편 소고기 안심에 사과와 블루 치즈를 넣어 말아준다. 5. 안심롤에 밀가루>달걀물>빵가루 순서로 튀김옷을 입힌다. 6. 안심롤을 기름에 튀긴다. 7. 튀긴 안심롤을 전자레인지에 넣어 속까지 익힌다. 8. 청양고추, 태국고추, 멸치액젓, 식초, 레몬즙, 설탕, 다진 마늘, 다진 파를 섞어 소스를 만든다. 9. 8에 다진 마카다미아와 레몬청을 넣어 소스를 완성한다. 10. 양상추 위에 안심롤을 올리고 후추를 뿌린 후 소스와 함께 낸다.
A87: =recipe!C87 -> 고기 차이나 | B87: =IFERROR(__xludf.DUMMYFUNCTION("TRIM( REGEXEXTRACT( raw!A87, ""(?s)●\s*조리 방법(.*)"" ) ) "),"1. 닭가슴살을 적당한 크기로 썬다. 2. 감자 전분, 밀가루, 물을 섞어 튀김 반죽을 만든다. 3. 반죽에 달걀물과 식용유를 넣는다. 4. 닭가슴살에 반죽을 입혀 튀긴다. 5. 채끝살을 감자 전분, 달걀물과 섞어 기름에 볶는다. 6. 볶은 채끝살을 체에 받쳐 기름기를 뺀다. 7. 청경채, 파프리카, 양파, 대파, 마늘을 볶는다. 8. 7에 간장과 굴소스를 넣는다. 9. 채소에 볶은 채끝살을 넣어 함께 볶는다. 10. 튀긴 닭가슴살을 체"&"에 받쳐 기름기를 뺀다. 11. 간장, 설탕, 식초, 레몬즙, 다진 마늘을 섞어 소스를 만든다. 12. 소스에 다진 파를 넣어 준다. 13. 양상추, 양파 위에 튀긴 닭가슴살을 얹고 소스와 함께 낸다.") -> 1. 닭가슴살을 적당한 크기로 썬다. 2. 감자 전분, 밀가루, 물을 섞어 튀김 반죽을 만든다. 3. 반죽에 달걀물과 식용유를 넣는다. 4. 닭가슴살에 반죽을 입혀 튀긴다. 5. 채끝살을 감자 전분, 달걀물과 섞어 기름에 볶는다. 6. 볶은 채끝살을 체에 받쳐 기름기를 뺀다. 7. 청경채, 파프리카, 양파, 대파, 마늘을 볶는다. 8. 7에 간장과 굴소스를 넣는다. 9. 채소에 볶은 채끝살을 넣어 함께 볶는다. 10. 튀긴 닭가슴살을 체에 받쳐 기름기를 뺀다. 11. 간장, 설탕, 식초, 레몬즙, 다진 마늘을 섞어 소스를 만든다. 12. 소스에 다진 파를 넣어 준다. 13. 양상추, 양파 위에 튀긴 닭가슴살을 얹고 소스와 함께 낸다.
A88: =recipe!C88 -> 힘을 내요 슈퍼 나베 | B88: =IFERROR(__xludf.DUMMYFUNCTION("TRIM( REGEXEXTRACT( raw!A88, ""(?s)●\s*조리 방법(.*)"" ) ) "),"1. 사골 육수에 된장을 풀어 끓인다 2. 체를 받치고 마늘, 대파, 양지머리를 넣어 고기 육수를 낸다. 3. 국물에 양배추, 송화 버섯, 청경채를 넣어 끓인다. 4. 소면을 삶아 찬물에 헹군다. 5. 국간장으로 간을 한 후 팽이버섯을 넣는다. 6. 얇게 썬 소고기 안심, 깻잎을 넣는다. 7. 소면을 넣는다. 8. 달걀 노른자와 간장을 섞은 소스를 곁들여 낸다.") -> 1. 사골 육수에 된장을 풀어 끓인다 2. 체를 받치고 마늘, 대파, 양지머리를 넣어 고기 육수를 낸다. 3. 국물에 양배추, 송화 버섯, 청경채를 넣어 끓인다. 4. 소면을 삶아 찬물에 헹군다. 5. 국간장으로 간을 한 후 팽이버섯을 넣는다. 6. 얇게 썬 소고기 안심, 깻잎을 넣는다. 7. 소면을 넣는다. 8. 달걀 노른자와 간장을 섞은 소스를 곁들여 낸다.
A89: =recipe!C89 -> 소테미너 | B89: =IFERROR(__xludf.DUMMYFUNCTION("TRIM( REGEXEXTRACT( raw!A89, ""(?s)●\s*조리 방법(.*)"" ) ) "),"1. 적은 양의 물에 방울 양배추, 콜리플라워, 파프리카, 브로콜리를 넣고 뚜껑을 닫아 익힌다. 2. 채소에 소금, 버터, 으깬 마늘을 넣어준다. 3. 양파에 밀가루를 묻혀 튀긴다. 4. 살치살에 소금, 후추 간을 해서 굽는다. 5. 구운 살치살, 튀긴 양파, 소테한 채소를 함께 낸다.") -> 1. 적은 양의 물에 방울 양배추, 콜리플라워, 파프리카, 브로콜리를 넣고 뚜껑을 닫아 익힌다. 2. 채소에 소금, 버터, 으깬 마늘을 넣어준다. 3. 양파에 밀가루를 묻혀 튀긴다. 4. 살치살에 소금, 후추 간을 해서 굽는다. 5. 구운 살치살, 튀긴 양파, 소테한 채소를 함께 낸다.
A90: =recipe!C90 -> 초코 모찌 맛있찌 | B90: =IFERROR(__xludf.DUMMYFUNCTION("TRIM( REGEXEXTRACT( raw!A90, ""(?s)●\s*조리 방법(.*)"" ) ) "),"1. 초코 비스킷을 으깨어 버터와 섞은 후 전자레인지에 넣어 녹인다. 2. 녹인 초코 비스킷에 소금을 살짝 넣어준다. 3. 원형 틀 안에 초코 비스킷을 깔고 잘게 썬 쑥떡을 얹어 케이크 시트를 만든다. 4. 케이크 시트를 냉동실에 넣어 둔다. 5. 달걀 노른자에 커피 음료, 믹스커피, 밀가루, 설탕을 넣고 섞는다. 6. 5에 버터를 넣고 끓여 모카 크림을 만든다. 7. 모카 크림에 커피 우유를 넣어준다. 8. 모카 크림을 체에 거른다. 9"&". 얼음물 위에서 모카 크림을 식힌다. 10. 냉동 블루베리를 설탕에 졸인다. 11. 냉동실에서 케이크 시트를 꺼낸 후 아이스크림을 올린다. 12. 11에 모카 크림을 부어준다. 13. 케이크 위에 딸기를 올리고 블루베리 소스를 뿌려 장식한다.") -> 1. 초코 비스킷을 으깨어 버터와 섞은 후 전자레인지에 넣어 녹인다. 2. 녹인 초코 비스킷에 소금을 살짝 넣어준다. 3. 원형 틀 안에 초코 비스킷을 깔고 잘게 썬 쑥떡을 얹어 케이크 시트를 만든다. 4. 케이크 시트를 냉동실에 넣어 둔다. 5. 달걀 노른자에 커피 음료, 믹스커피, 밀가루, 설탕을 넣고 섞는다. 6. 5에 버터를 넣고 끓여 모카 크림을 만든다. 7. 모카 크림에 커피 우유를 넣어준다. 8. 모카 크림을 체에 거른다. 9. 얼음물 위에서 모카 크림을 식힌다. 10. 냉동 블루베리를 설탕에 졸인다. 11. 냉동실에서 케이크 시트를 꺼낸 후 아이스크림을 올린다. 12. 11에 모카 크림을 부어준다. 13. 케이크 위에 딸기를 올리고 블루베리 소스를 뿌려 장식한다.
A91: =recipe!C91 -> 수플레가 머랭? | B91: =IFERROR(__xludf.DUMMYFUNCTION("TRIM( REGEXEXTRACT( raw!A91, ""(?s)●\s*조리 방법(.*)"" ) ) "),"1. 초콜릿은 중탕한다. 2. 달걀 흰자를 분리해 설탕을 넣고 거품을 낸다. 3. 수플레 컵에 버터와 설탕을 바른다. 4. 중탕한 초콜릿에 커피 우유를 넣는다. 5. 머랭에 녹인 초콜릿을 섞는다. 6. 수플레 컵에 반죽을 반 정도 담는다. 7. 6에 블루베리를 올리고 나머지 반죽을 담는다. 8. 오븐에 넣고 익힌다. 9. 설탕과 전분을 믹서에 넣고 갈아준다. 10. 수플레 위에 슈거파우더를 뿌려 완성한다.") -> 1. 초콜릿은 중탕한다. 2. 달걀 흰자를 분리해 설탕을 넣고 거품을 낸다. 3. 수플레 컵에 버터와 설탕을 바른다. 4. 중탕한 초콜릿에 커피 우유를 넣는다. 5. 머랭에 녹인 초콜릿을 섞는다. 6. 수플레 컵에 반죽을 반 정도 담는다. 7. 6에 블루베리를 올리고 나머지 반죽을 담는다. 8. 오븐에 넣고 익힌다. 9. 설탕과 전분을 믹서에 넣고 갈아준다. 10. 수플레 위에 슈거파우더를 뿌려 완성한다.
A92: =recipe!C92 -> 그.레.요 (그대를 위한 레토르트 요리) | B92: =IFERROR(__xludf.DUMMYFUNCTION("TRIM( REGEXEXTRACT( raw!A92, ""(?s)●\s*조리 방법(.*)"" ) ) "),"1. 버터를 두른 팬에 양파를 볶는다. 2. 볶던 양파에 즉석밥, 토마토 소스를 넣고 함께 볶는다. 3. 2에 기름을 뺀 참치, 파르메산 치즈를 넣고 볶는다. 4. 버터를 두른 냄비에 건자두를 볶다가 레드 와인, 설탕을 넣어 졸인다. 5. 햄을 으깬 후 달걀, 밀가루와 섞는다. 6. 햄 반죽 안에 참치를 넣어 동그랗게 빚는다. 7. 6에 밀가루>달걀물>빵가루 순으로 튀김옷을 입혀 튀긴다. 8. 물에 옥수수 수프 분말을 넣고 끓이다 파르메산 "&"치즈, 후추를 넣어 소스를 만든다. 9. 토마토 리소토 위에 옥수수 수프 소스를 뿌린다. 10. 9에 햄 튀김을 올리고 건자두, 데친 브로콜리를 올려 완성한다.") -> 1. 버터를 두른 팬에 양파를 볶는다. 2. 볶던 양파에 즉석밥, 토마토 소스를 넣고 함께 볶는다. 3. 2에 기름을 뺀 참치, 파르메산 치즈를 넣고 볶는다. 4. 버터를 두른 냄비에 건자두를 볶다가 레드 와인, 설탕을 넣어 졸인다. 5. 햄을 으깬 후 달걀, 밀가루와 섞는다. 6. 햄 반죽 안에 참치를 넣어 동그랗게 빚는다. 7. 6에 밀가루>달걀물>빵가루 순으로 튀김옷을 입혀 튀긴다. 8. 물에 옥수수 수프 분말을 넣고 끓이다 파르메산 치즈, 후추를 넣어 소스를 만든다. 9. 토마토 리소토 위에 옥수수 수프 소스를 뿌린다. 10. 9에 햄 튀김을 올리고 건자두, 데친 브로콜리를 올려 완성한다.
A93: =recipe!C93 -> 수픈데 오믈렛 | B93: =IFERROR(__xludf.DUMMYFUNCTION("TRIM( REGEXEXTRACT( raw!A93, ""(?s)●\s*조리 방법(.*)"" ) ) "),"1. 달걀 노른자와 흰자를 분리한다. 2. 노른자에 레몬 껍질, 레몬즙을 넣고 소금, 후추 간을 한다. 3. 노른자를 체에 거른다. 4. 흰자는 거품을 낸다. 5. 노른자에 잘게 자른 햄, 흰자 거품을 넣고 섞는다. 6. 팬에 버터를 녹인 후 오믈렛 재료를 담는다. 7. 6을 오븐에 넣어 익힌다. 8. 참치와 데친 브로콜리를 섞어 샐러드를 만든다. 9. 머스터드 소스, 올리브유, 레몬즙, 설탕을 섞어 소스를 만든 후 샐러드와 섞는다. 10. 물에 옥수수"&" 수프 분말을 넣고 끓이다 후추 간을 한다. 11. 옥수수 수프에 스위트 칠리 소스, 레몬즙을 섞어 소스를 만든다. 12. 접시에 샐러드와 오믈렛을 담고 옥수수 수프 소스를 뿌려 완성한다.") -> 1. 달걀 노른자와 흰자를 분리한다. 2. 노른자에 레몬 껍질, 레몬즙을 넣고 소금, 후추 간을 한다. 3. 노른자를 체에 거른다. 4. 흰자는 거품을 낸다. 5. 노른자에 잘게 자른 햄, 흰자 거품을 넣고 섞는다. 6. 팬에 버터를 녹인 후 오믈렛 재료를 담는다. 7. 6을 오븐에 넣어 익힌다. 8. 참치와 데친 브로콜리를 섞어 샐러드를 만든다. 9. 머스터드 소스, 올리브유, 레몬즙, 설탕을 섞어 소스를 만든 후 샐러드와 섞는다. 10. 물에 옥수수 수프 분말을 넣고 끓이다 후추 간을 한다. 11. 옥수수 수프에 스위트 칠리 소스, 레몬즙을 섞어 소스를 만든다. 12. 접시에 샐러드와 오믈렛을 담고 옥수수 수프 소스를 뿌려 완성한다.
A94: =recipe!C94 -> 빠리송로 | B94: =IFERROR(__xludf.DUMMYFUNCTION("TRIM( REGEXEXTRACT( raw!A94, ""(?s)●\s*조리 방법(.*)"" ) ) "),"1. 물에 치킨 스톡, 당근을 넣어 끓인다. 2. 두부의 물기를 제거하고 4등분 한다. 3. 기름에 두부를 살짝 튀긴다. 4. 버터, 느타리버섯, 양파를 함께 볶다가 소금, 후추, 다진 생강을 넣는다. 5. 두부의 속을 파낸다. 6. 볶은 버섯을 잘게 다진다. 7. 두부에 다진 버섯, 트러플 소스를 넣어 속을 채운다. 8. 냄비에 체를 밭쳐 육수를 걸러낸다. 9. 당근을 핸드 블렌더로 갈아 준다. 10. 9에 육수, 우유를 넣고 갈아 당근 퓌레를 만든다"&". 11. 접시에 당근 퓌레와 속을 채운 두부를 올리고 트러플 소스를 올린다. 12. 트러플 오일을 뿌려 완성한다.") -> 1. 물에 치킨 스톡, 당근을 넣어 끓인다. 2. 두부의 물기를 제거하고 4등분 한다. 3. 기름에 두부를 살짝 튀긴다. 4. 버터, 느타리버섯, 양파를 함께 볶다가 소금, 후추, 다진 생강을 넣는다. 5. 두부의 속을 파낸다. 6. 볶은 버섯을 잘게 다진다. 7. 두부에 다진 버섯, 트러플 소스를 넣어 속을 채운다. 8. 냄비에 체를 밭쳐 육수를 걸러낸다. 9. 당근을 핸드 블렌더로 갈아 준다. 10. 9에 육수, 우유를 넣고 갈아 당근 퓌레를 만든다. 11. 접시에 당근 퓌레와 속을 채운 두부를 올리고 트러플 소스를 올린다. 12. 트러플 오일을 뿌려 완성한다.
A95: =recipe!C95 -> 머라노 | B95: =IFERROR(__xludf.DUMMYFUNCTION("TRIM( REGEXEXTRACT( raw!A95, ""(?s)●\s*조리 방법(.*)"" ) ) "),"1. 표고버섯을 따뜻한 물에 넣어 우린다. 2. 양파, 당근을 큼직하게 썰어 소금을 넣고 볶는다. 3. 2에 물을 붓고 끓여 채소 육수를 낸다. 4. 올리브 오일을 두른 팬에 마늘과 표고버섯, 느타리버섯을 넣고 볶는다. 5. 버섯에 즉석밥을 넣고 함께 볶는다. 6. 5에 표고버섯을 우린 물과 채소 육수를 부어가며 리소토를 만든다. 7. 리소토에 그라나파다노 치즈를 갈아 넣는다. 8. 버터를 두른 팬에 느타리버섯을 볶는다. 9. 접시에 리소"&"토를 담고 치즈를 갈아 올린 후, 볶은 느타리버섯을 올린다. 10. 리소토에 후추를 뿌려 완성한다.") -> 1. 표고버섯을 따뜻한 물에 넣어 우린다. 2. 양파, 당근을 큼직하게 썰어 소금을 넣고 볶는다. 3. 2에 물을 붓고 끓여 채소 육수를 낸다. 4. 올리브 오일을 두른 팬에 마늘과 표고버섯, 느타리버섯을 넣고 볶는다. 5. 버섯에 즉석밥을 넣고 함께 볶는다. 6. 5에 표고버섯을 우린 물과 채소 육수를 부어가며 리소토를 만든다. 7. 리소토에 그라나파다노 치즈를 갈아 넣는다. 8. 버터를 두른 팬에 느타리버섯을 볶는다. 9. 접시에 리소토를 담고 치즈를 갈아 올린 후, 볶은 느타리버섯을 올린다. 10. 리소토에 후추를 뿌려 완성한다.
A96: =recipe!C96 -> 파프리콘 | B96: =IFERROR(__xludf.DUMMYFUNCTION("TRIM( REGEXEXTRACT( raw!A96, ""(?s)●\s*조리 방법(.*)"" ) ) "),"1. 파프리카의 껍질을 태운다. 2. 믹서기에 토마토 통조림, 마늘, 고추, 파슬리, 바질페스토, 소금, 후추, 올리브 오일을 넣고 간다. 3. 페타 치즈와 옥수수를 섞는다. 4. 파프리카의 껍질을 벗긴다. 5. 파프리카에 페타 치즈와 옥수수 섞은 것을 넣어 속을 채운다. 6. 5에 밀가루를 묻혀 굽는다. 7. 파프리카에 토마토 소스를 부어 함께 끓인다. 8. 토마토 소스에 옥수수를 넣고 볶아준다. 9. 접시에 속을 채운 파프리카를 놓고 "&"생 파프리카, 블랙 올리브를 올린다. 10. 옥수수를 넣어 볶은 토마토 소스와 파슬리를 올려 완성한다.") -> 1. 파프리카의 껍질을 태운다. 2. 믹서기에 토마토 통조림, 마늘, 고추, 파슬리, 바질페스토, 소금, 후추, 올리브 오일을 넣고 간다. 3. 페타 치즈와 옥수수를 섞는다. 4. 파프리카의 껍질을 벗긴다. 5. 파프리카에 페타 치즈와 옥수수 섞은 것을 넣어 속을 채운다. 6. 5에 밀가루를 묻혀 굽는다. 7. 파프리카에 토마토 소스를 부어 함께 끓인다. 8. 토마토 소스에 옥수수를 넣고 볶아준다. 9. 접시에 속을 채운 파프리카를 놓고 생 파프리카, 블랙 올리브를 올린다. 10. 옥수수를 넣어 볶은 토마토 소스와 파슬리를 올려 완성한다.
A97: =recipe!C97 -> 섬섬옥수수 | B97: =IFERROR(__xludf.DUMMYFUNCTION("TRIM( REGEXEXTRACT( raw!A97, ""(?s)●\s*조리 방법(.*)"" ) ) "),"1. 버터를 두른 팬에 으깬 마늘, 다진 양파, 소금을 넣고 볶는다. 2. 볶던 양파에 옥수수를 넣어 함께 볶는다. 3. 우유에 리코타 치즈를 넣고 끓인다. 4. 3에 치킨 스톡을 넣는다. 5. 치킨 스톡과 치즈를 넣고 끓인 우유를 옥수수에 부어 함께 끓인다. 6. 5를 믹서에 넣고 갈아준다. 7. 옥수수 수프에 버터, 소금, 후추를 넣는다. 8. 밀가루, 설탕, 우유, 달걀, 소금을 섞어 튀김 반죽을 만든다. 9. 반죽에 해바라기씨, 옥"&"수수를 넣은 후 트러플 오일을 섞어 준다. 10. 반죽을 한 숟가락씩 덜어 기름에 튀긴다. 11. 옥수수 수프 위에 옥수수 튀김을 올리고 그라나파다노 치즈를 갈아 올린다.") -> 1. 버터를 두른 팬에 으깬 마늘, 다진 양파, 소금을 넣고 볶는다. 2. 볶던 양파에 옥수수를 넣어 함께 볶는다. 3. 우유에 리코타 치즈를 넣고 끓인다. 4. 3에 치킨 스톡을 넣는다. 5. 치킨 스톡과 치즈를 넣고 끓인 우유를 옥수수에 부어 함께 끓인다. 6. 5를 믹서에 넣고 갈아준다. 7. 옥수수 수프에 버터, 소금, 후추를 넣는다. 8. 밀가루, 설탕, 우유, 달걀, 소금을 섞어 튀김 반죽을 만든다. 9. 반죽에 해바라기씨, 옥수수를 넣은 후 트러플 오일을 섞어 준다. 10. 반죽을 한 숟가락씩 덜어 기름에 튀긴다. 11. 옥수수 수프 위에 옥수수 튀김을 올리고 그라나파다노 치즈를 갈아 올린다.
A98: =recipe!C98 -> 스푼 파스타 | B98: =IFERROR(__xludf.DUMMYFUNCTION("TRIM( REGEXEXTRACT( raw!A98, ""(?s)●\s*조리 방법(.*)"" ) ) "),"1. 물에 밴댕이를 넣고 끓여 육수를 낸다. 2. 파스타면을 펼치지 않고 한데 모아 삶는다. 3. 살짝 익은 면을 찬물에 헹군 뒤 잘게 썬다. 4. 갑오징어 알, 새우, 키조개 관자를 손질한다. 5. 팬에 올리브 오일을 두르고다진 마늘, 갑오징어 알, 새우, 키조개 관자를 함께 볶는다. 6. 5에 올리브유를 한 번 더 두르고, 후추로 간을 한다. 7. 밴댕이 육수를 부어준 다음, 잘게 썬 파스타면을 넣어 익힌다. 8. 잘게 썬 파스타면을 넣"&"어 익힌다. 9. 파스타에 카망베르 치즈를 잘게 썰어 넣는다. 10. 접시에 파스타를 담아낸다.") -> 1. 물에 밴댕이를 넣고 끓여 육수를 낸다. 2. 파스타면을 펼치지 않고 한데 모아 삶는다. 3. 살짝 익은 면을 찬물에 헹군 뒤 잘게 썬다. 4. 갑오징어 알, 새우, 키조개 관자를 손질한다. 5. 팬에 올리브 오일을 두르고다진 마늘, 갑오징어 알, 새우, 키조개 관자를 함께 볶는다. 6. 5에 올리브유를 한 번 더 두르고, 후추로 간을 한다. 7. 밴댕이 육수를 부어준 다음, 잘게 썬 파스타면을 넣어 익힌다. 8. 잘게 썬 파스타면을 넣어 익힌다. 9. 파스타에 카망베르 치즈를 잘게 썰어 넣는다. 10. 접시에 파스타를 담아낸다.
A99: =recipe!C99 -> 연복쌈 | B99: =IFERROR(__xludf.DUMMYFUNCTION("TRIM( REGEXEXTRACT( raw!A99, ""(?s)●\s*조리 방법(.*)"" ) ) "),"1. 끓는 물에 전복을 삶는다. 2. 돼지고기를 가늘게 썬다. 3. 양파, 애호박을 잘게 썬다. 4. 대파와 오이를 채 썰어 접시에 담아둔다. 5. 밀가루에 소금을 넣고 뜨거운 물을 부어가며 춘빙 반죽을 만든다. 6. 춘빙 반죽을 적당한 크기로 떼어 납작하게 누른 후 한쪽 면에 참기름을 바른다. 7. 참기름을 바른 쪽이 서로 마주보도록 춘빙 반죽을 두 개 합친 후 밀대로 얇게 민다. 8. 삶은 전복을 얇게 채 썬다. 9. 기름을 두른 팬에 손질해 둔 양"&"파, 애호박, 돼지고기, 전복을 넣고 볶는다. 10. 9에 춘장, 전복소스, 올리브 오일을 넣어 볶는다. 11. 팬에 춘빙 반죽을 굽는다. 12. 구운 춘빙 반죽을 바닥에 강하게 내리쳐 두 장으로 분리한다. 13. 채썬 대파, 오이를 담아 놓은 접시에 춘빙을 접어 낸다. 14. 다른 접시에 볶은 돼지고기와 전복을 얹어 낸다.") -> 1. 끓는 물에 전복을 삶는다. 2. 돼지고기를 가늘게 썬다. 3. 양파, 애호박을 잘게 썬다. 4. 대파와 오이를 채 썰어 접시에 담아둔다. 5. 밀가루에 소금을 넣고 뜨거운 물을 부어가며 춘빙 반죽을 만든다. 6. 춘빙 반죽을 적당한 크기로 떼어 납작하게 누른 후 한쪽 면에 참기름을 바른다. 7. 참기름을 바른 쪽이 서로 마주보도록 춘빙 반죽을 두 개 합친 후 밀대로 얇게 민다. 8. 삶은 전복을 얇게 채 썬다. 9. 기름을 두른 팬에 손질해 둔 양파, 애호박, 돼지고기, 전복을 넣고 볶는다. 10. 9에 춘장, 전복소스, 올리브 오일을 넣어 볶는다. 11. 팬에 춘빙 반죽을 굽는다. 12. 구운 춘빙 반죽을 바닥에 강하게 내리쳐 두 장으로 분리한다. 13. 채썬 대파, 오이를 담아 놓은 접시에 춘빙을 접어 낸다. 14. 다른 접시에 볶은 돼지고기와 전복을 얹어 낸다.
A100: =recipe!C100 -> 갈갈이 풍면 | B100: =IFERROR(__xludf.DUMMYFUNCTION("TRIM( REGEXEXTRACT( raw!A100, ""(?s)●\s*조리 방법(.*)"" ) ) "),"1. 믹서에 황태채, 새우가루, 홍합가루, 고춧가루를 넣고 간다. 2. 1에 토마토, 할라피뇨, 매실 장아찌, 마늘 장아찌, 매실액, 올리브 오일을 넣고 간다. 3. 삼겹살에 후추 간을 해서 굽는다. 4. 엔젤헤어를 삶는다. 5. 면을 건져 찬물에 헹군다. 6. 접시에 적당한 크기로 자른 삼겹살을 얹는다. 7. 6에 면, 토마토 소스를 올려 완성한다.") -> 1. 믹서에 황태채, 새우가루, 홍합가루, 고춧가루를 넣고 간다. 2. 1에 토마토, 할라피뇨, 매실 장아찌, 마늘 장아찌, 매실액, 올리브 오일을 넣고 간다. 3. 삼겹살에 후추 간을 해서 굽는다. 4. 엔젤헤어를 삶는다. 5. 면을 건져 찬물에 헹군다. 6. 접시에 적당한 크기로 자른 삼겹살을 얹는다. 7. 6에 면, 토마토 소스를 올려 완성한다.
...

Sheet recipe_ingredient
A1: recipe_ingredient | B1: ingredient_name
A2: =IFERROR(__xludf.DUMMYFUNCTION("ARRAYFORMULA( QUERY( SPLIT( FLATTEN( ingredient!A2:A17495 & ""♦"" & TRIM(SPLIT(ingredient!B2:B17495, "","")) ), ""♦"" ), ""where Col1 is not null and Col2 is not null"", 0 ) ) "),"치킨 밀푀유") -> 치킨 밀푀유 | B2: =IFERROR(__xludf.DUMMYFUNCTION("""COMPUTED_VALUE"""),"닭가슴살") -> 닭가슴살
A3: =IFERROR(__xludf.DUMMYFUNCTION("""COMPUTED_VALUE"""),"치킨 밀푀유") -> 치킨 밀푀유 | B3: =IFERROR(__xludf.DUMMYFUNCTION("""COMPUTED_VALUE"""),"슬라이스햄") -> 슬라이스햄
A4: =IFERROR(__xludf.DUMMYFUNCTION("""COMPUTED_VALUE"""),"치킨 밀푀유") -> 치킨 밀푀유 | B4: =IFERROR(__xludf.DUMMYFUNCTION("""COMPUTED_VALUE"""),"양파") -> 양파
A5: =IFERROR(__xludf.DUMMYFUNCTION("""COMPUTED_VALUE"""),"치킨 밀푀유") -> 치킨 밀푀유 | B5: =IFERROR(__xludf.DUMMYFUNCTION("""COMPUTED_VALUE"""),"양배추") -> 양배추
A6: =IFERROR(__xludf.DUMMYFUNCTION("""COMPUTED_VALUE"""),"치킨 밀푀유") -> 치킨 밀푀유 | B6: =IFERROR(__xludf.DUMMYFUNCTION("""COMPUTED_VALUE"""),"파프리카") -> 파프리카
A7: =IFERROR(__xludf.DUMMYFUNCTION("""COMPUTED_VALUE"""),"치킨 밀푀유") -> 치킨 밀푀유 | B7: =IFERROR(__xludf.DUMMYFUNCTION("""COMPUTED_VALUE"""),"바게트") -> 바게트
A8: =IFERROR(__xludf.DUMMYFUNCTION("""COMPUTED_VALUE"""),"치킨 밀푀유") -> 치킨 밀푀유 | B8: =IFERROR(__xludf.DUMMYFUNCTION("""COMPUTED_VALUE"""),"다진마늘") -> 다진마늘
A9: =IFERROR(__xludf.DUMMYFUNCTION("""COMPUTED_VALUE"""),"치킨 밀푀유") -> 치킨 밀푀유 | B9: =IFERROR(__xludf.DUMMYFUNCTION("""COMPUTED_VALUE"""),"크림소스") -> 크림소스
A10: =IFERROR(__xludf.DUMMYFUNCTION("""COMPUTED_VALUE"""),"치킨 밀푀유") -> 치킨 밀푀유 | B10: =IFERROR(__xludf.DUMMYFUNCTION("""COMPUTED_VALUE"""),"우유") -> 우유
A11: =IFERROR(__xludf.DUMMYFUNCTION("""COMPUTED_VALUE"""),"치킨 밀푀유") -> 치킨 밀푀유 | B11: =IFERROR(__xludf.DUMMYFUNCTION("""COMPUTED_VALUE"""),"통후추") -> 통후추
A12: =IFERROR(__xludf.DUMMYFUNCTION("""COMPUTED_VALUE"""),"치킨 밀푀유") -> 치킨 밀푀유 | B12: =IFERROR(__xludf.DUMMYFUNCTION("""COMPUTED_VALUE"""),"소금") -> 소금
A13: =IFERROR(__xludf.DUMMYFUNCTION("""COMPUTED_VALUE"""),"치킨 밀푀유") -> 치킨 밀푀유 | B13: =IFERROR(__xludf.DUMMYFUNCTION("""COMPUTED_VALUE"""),"토마토소스") -> 토마토소스
A14: =IFERROR(__xludf.DUMMYFUNCTION("""COMPUTED_VALUE"""),"취닭거리") -> 취닭거리 | B14: =IFERROR(__xludf.DUMMYFUNCTION("""COMPUTED_VALUE"""),"닭죽") -> 닭죽
A15: =IFERROR(__xludf.DUMMYFUNCTION("""COMPUTED_VALUE"""),"취닭거리") -> 취닭거리 | B15: =IFERROR(__xludf.DUMMYFUNCTION("""COMPUTED_VALUE"""),"라조장") -> 라조장
A16: =IFERROR(__xludf.DUMMYFUNCTION("""COMPUTED_VALUE"""),"취닭거리") -> 취닭거리 | B16: =IFERROR(__xludf.DUMMYFUNCTION("""COMPUTED_VALUE"""),"취두부") -> 취두부
A17: =IFERROR(__xludf.DUMMYFUNCTION("""COMPUTED_VALUE"""),"취닭거리") -> 취닭거리 | B17: =IFERROR(__xludf.DUMMYFUNCTION("""COMPUTED_VALUE"""),"족발") -> 족발
A18: =IFERROR(__xludf.DUMMYFUNCTION("""COMPUTED_VALUE"""),"취닭거리") -> 취닭거리 | B18: =IFERROR(__xludf.DUMMYFUNCTION("""COMPUTED_VALUE"""),"버터") -> 버터
A19: =IFERROR(__xludf.DUMMYFUNCTION("""COMPUTED_VALUE"""),"닭딸") -> 닭딸 | B19: =IFERROR(__xludf.DUMMYFUNCTION("""COMPUTED_VALUE"""),"복분자") -> 복분자
A20: =IFERROR(__xludf.DUMMYFUNCTION("""COMPUTED_VALUE"""),"닭딸") -> 닭딸 | B20: =IFERROR(__xludf.DUMMYFUNCTION("""COMPUTED_VALUE"""),"바게트") -> 바게트
A21: =IFERROR(__xludf.DUMMYFUNCTION("""COMPUTED_VALUE"""),"닭딸") -> 닭딸 | B21: =IFERROR(__xludf.DUMMYFUNCTION("""COMPUTED_VALUE"""),"닭가슴살") -> 닭가슴살
A22: =IFERROR(__xludf.DUMMYFUNCTION("""COMPUTED_VALUE"""),"닭딸") -> 닭딸 | B22: =IFERROR(__xludf.DUMMYFUNCTION("""COMPUTED_VALUE"""),"우유") -> 우유
A23: =IFERROR(__xludf.DUMMYFUNCTION("""COMPUTED_VALUE"""),"닭딸") -> 닭딸 | B23: =IFERROR(__xludf.DUMMYFUNCTION("""COMPUTED_VALUE"""),"레몬즙") -> 레몬즙
A24: =IFERROR(__xludf.DUMMYFUNCTION("""COMPUTED_VALUE"""),"닭딸") -> 닭딸 | B24: =IFERROR(__xludf.DUMMYFUNCTION("""COMPUTED_VALUE"""),"소금") -> 소금
A25: =IFERROR(__xludf.DUMMYFUNCTION("""COMPUTED_VALUE"""),"닭딸") -> 닭딸 | B25: =IFERROR(__xludf.DUMMYFUNCTION("""COMPUTED_VALUE"""),"후추") -> 후추
A26: =IFERROR(__xludf.DUMMYFUNCTION("""COMPUTED_VALUE"""),"닭딸") -> 닭딸 | B26: =IFERROR(__xludf.DUMMYFUNCTION("""COMPUTED_VALUE"""),"마늘") -> 마늘
A27: =IFERROR(__xludf.DUMMYFUNCTION("""COMPUTED_VALUE"""),"어머니 맛 풍족밥") -> 어머니 맛 풍족밥 | B27: =IFERROR(__xludf.DUMMYFUNCTION("""COMPUTED_VALUE"""),"치킨") -> 치킨
A28: =IFERROR(__xludf.DUMMYFUNCTION("""COMPUTED_VALUE"""),"어머니 맛 풍족밥") -> 어머니 맛 풍족밥 | B28: =IFERROR(__xludf.DUMMYFUNCTION("""COMPUTED_VALUE"""),"족발") -> 족발
A29: =IFERROR(__xludf.DUMMYFUNCTION("""COMPUTED_VALUE"""),"어머니 맛 풍족밥") -> 어머니 맛 풍족밥 | B29: =IFERROR(__xludf.DUMMYFUNCTION("""COMPUTED_VALUE"""),"두반장") -> 두반장
A30: =IFERROR(__xludf.DUMMYFUNCTION("""COMPUTED_VALUE"""),"어머니 맛 풍족밥") -> 어머니 맛 풍족밥 | B30: =IFERROR(__xludf.DUMMYFUNCTION("""COMPUTED_VALUE"""),"라조장") -> 라조장
A31: =IFERROR(__xludf.DUMMYFUNCTION("""COMPUTED_VALUE"""),"어머니 맛 풍족밥") -> 어머니 맛 풍족밥 | B31: =IFERROR(__xludf.DUMMYFUNCTION("""COMPUTED_VALUE"""),"유자청") -> 유자청
A32: =IFERROR(__xludf.DUMMYFUNCTION("""COMPUTED_VALUE"""),"어머니 맛 풍족밥") -> 어머니 맛 풍족밥 | B32: =IFERROR(__xludf.DUMMYFUNCTION("""COMPUTED_VALUE"""),"밀가루") -> 밀가루
A33: =IFERROR(__xludf.DUMMYFUNCTION("""COMPUTED_VALUE"""),"어머니 맛 풍족밥") -> 어머니 맛 풍족밥 | B33: =IFERROR(__xludf.DUMMYFUNCTION("""COMPUTED_VALUE"""),"밥") -> 밥
A34: =IFERROR(__xludf.DUMMYFUNCTION("""COMPUTED_VALUE"""),"치킨 요로케") -> 치킨 요로케 | B34: =IFERROR(__xludf.DUMMYFUNCTION("""COMPUTED_VALUE"""),"닭가슴살") -> 닭가슴살
A35: =IFERROR(__xludf.DUMMYFUNCTION("""COMPUTED_VALUE"""),"치킨 요로케") -> 치킨 요로케 | B35: =IFERROR(__xludf.DUMMYFUNCTION("""COMPUTED_VALUE"""),"소금") -> 소금
A36: =IFERROR(__xludf.DUMMYFUNCTION("""COMPUTED_VALUE"""),"치킨 요로케") -> 치킨 요로케 | B36: =IFERROR(__xludf.DUMMYFUNCTION("""COMPUTED_VALUE"""),"후추") -> 후추
A37: =IFERROR(__xludf.DUMMYFUNCTION("""COMPUTED_VALUE"""),"치킨 요로케") -> 치킨 요로케 | B37: =IFERROR(__xludf.DUMMYFUNCTION("""COMPUTED_VALUE"""),"밀가루") -> 밀가루
A38: =IFERROR(__xludf.DUMMYFUNCTION("""COMPUTED_VALUE"""),"치킨 요로케") -> 치킨 요로케 | B38: =IFERROR(__xludf.DUMMYFUNCTION("""COMPUTED_VALUE"""),"양파") -> 양파
A39: =IFERROR(__xludf.DUMMYFUNCTION("""COMPUTED_VALUE"""),"치킨 요로케") -> 치킨 요로케 | B39: =IFERROR(__xludf.DUMMYFUNCTION("""COMPUTED_VALUE"""),"햄") -> 햄
A40: =IFERROR(__xludf.DUMMYFUNCTION("""COMPUTED_VALUE"""),"치킨 요로케") -> 치킨 요로케 | B40: =IFERROR(__xludf.DUMMYFUNCTION("""COMPUTED_VALUE"""),"토마토 소스") -> 토마토 소스
A41: =IFERROR(__xludf.DUMMYFUNCTION("""COMPUTED_VALUE"""),"치킨 요로케") -> 치킨 요로케 | B41: =IFERROR(__xludf.DUMMYFUNCTION("""COMPUTED_VALUE"""),"파마산 치즈") -> 파마산 치즈
A42: =IFERROR(__xludf.DUMMYFUNCTION("""COMPUTED_VALUE"""),"치킨 요로케") -> 치킨 요로케 | B42: =IFERROR(__xludf.DUMMYFUNCTION("""COMPUTED_VALUE"""),"모짜렐라 치츠") -> 모짜렐라 치츠
A43: =IFERROR(__xludf.DUMMYFUNCTION("""COMPUTED_VALUE"""),"치킨 요로케") -> 치킨 요로케 | B43: =IFERROR(__xludf.DUMMYFUNCTION("""COMPUTED_VALUE"""),"올리브유") -> 올리브유
A44: =IFERROR(__xludf.DUMMYFUNCTION("""COMPUTED_VALUE"""),"포크 미트볼") -> 포크 미트볼 | B44: =IFERROR(__xludf.DUMMYFUNCTION("""COMPUTED_VALUE"""),"김치") -> 김치
A45: =IFERROR(__xludf.DUMMYFUNCTION("""COMPUTED_VALUE"""),"포크 미트볼") -> 포크 미트볼 | B45: =IFERROR(__xludf.DUMMYFUNCTION("""COMPUTED_VALUE"""),"달걀") -> 달걀
A46: =IFERROR(__xludf.DUMMYFUNCTION("""COMPUTED_VALUE"""),"포크 미트볼") -> 포크 미트볼 | B46: =IFERROR(__xludf.DUMMYFUNCTION("""COMPUTED_VALUE"""),"햄") -> 햄
A47: =IFERROR(__xludf.DUMMYFUNCTION("""COMPUTED_VALUE"""),"포크 미트볼") -> 포크 미트볼 | B47: =IFERROR(__xludf.DUMMYFUNCTION("""COMPUTED_VALUE"""),"밥") -> 밥
A48: =IFERROR(__xludf.DUMMYFUNCTION("""COMPUTED_VALUE"""),"만두부인 육수터졌네") -> 만두부인 육수터졌네 | B48: =IFERROR(__xludf.DUMMYFUNCTION("""COMPUTED_VALUE"""),"냉동만두") -> 냉동만두
A49: =IFERROR(__xludf.DUMMYFUNCTION("""COMPUTED_VALUE"""),"만두부인 육수터졌네") -> 만두부인 육수터졌네 | B49: =IFERROR(__xludf.DUMMYFUNCTION("""COMPUTED_VALUE"""),"사골육수") -> 사골육수
A50: =IFERROR(__xludf.DUMMYFUNCTION("""COMPUTED_VALUE"""),"만두부인 육수터졌네") -> 만두부인 육수터졌네 | B50: =IFERROR(__xludf.DUMMYFUNCTION("""COMPUTED_VALUE"""),"토마토") -> 토마토
A51: =IFERROR(__xludf.DUMMYFUNCTION("""COMPUTED_VALUE"""),"만두부인 육수터졌네") -> 만두부인 육수터졌네 | B51: =IFERROR(__xludf.DUMMYFUNCTION("""COMPUTED_VALUE"""),"발사믹 소스") -> 발사믹 소스
A52: =IFERROR(__xludf.DUMMYFUNCTION("""COMPUTED_VALUE"""),"만두부인 육수터졌네") -> 만두부인 육수터졌네 | B52: =IFERROR(__xludf.DUMMYFUNCTION("""COMPUTED_VALUE"""),"버터") -> 버터
A53: =IFERROR(__xludf.DUMMYFUNCTION("""COMPUTED_VALUE"""),"만두부인 육수터졌네") -> 만두부인 육수터졌네 | B53: =IFERROR(__xludf.DUMMYFUNCTION("""COMPUTED_VALUE"""),"다진마늘") -> 다진마늘
A54: =IFERROR(__xludf.DUMMYFUNCTION("""COMPUTED_VALUE"""),"만두부인 육수터졌네") -> 만두부인 육수터졌네 | B54: =IFERROR(__xludf.DUMMYFUNCTION("""COMPUTED_VALUE"""),"고추냉이") -> 고추냉이
A55: =IFERROR(__xludf.DUMMYFUNCTION("""COMPUTED_VALUE"""),"만두부인 육수터졌네") -> 만두부인 육수터졌네 | B55: =IFERROR(__xludf.DUMMYFUNCTION("""COMPUTED_VALUE"""),"올리브오일") -> 올리브오일
A56: =IFERROR(__xludf.DUMMYFUNCTION("""COMPUTED_VALUE"""),"만두부인 육수터졌네") -> 만두부인 육수터졌네 | B56: =IFERROR(__xludf.DUMMYFUNCTION("""COMPUTED_VALUE"""),"프로슈토햄") -> 프로슈토햄
A57: =IFERROR(__xludf.DUMMYFUNCTION("""COMPUTED_VALUE"""),"만두부인 육수터졌네") -> 만두부인 육수터졌네 | B57: =IFERROR(__xludf.DUMMYFUNCTION("""COMPUTED_VALUE"""),"그뤼에르 치즈") -> 그뤼에르 치즈
A58: =IFERROR(__xludf.DUMMYFUNCTION("""COMPUTED_VALUE"""),"심쿵 오믈렛") -> 심쿵 오믈렛 | B58: =IFERROR(__xludf.DUMMYFUNCTION("""COMPUTED_VALUE"""),"달걀") -> 달걀
A59: =IFERROR(__xludf.DUMMYFUNCTION("""COMPUTED_VALUE"""),"심쿵 오믈렛") -> 심쿵 오믈렛 | B59: =IFERROR(__xludf.DUMMYFUNCTION("""COMPUTED_VALUE"""),"연어") -> 연어
A60: =IFERROR(__xludf.DUMMYFUNCTION("""COMPUTED_VALUE"""),"심쿵 오믈렛") -> 심쿵 오믈렛 | B60: =IFERROR(__xludf.DUMMYFUNCTION("""COMPUTED_VALUE"""),"양파잼") -> 양파잼
A61: =IFERROR(__xludf.DUMMYFUNCTION("""COMPUTED_VALUE"""),"심쿵 오믈렛") -> 심쿵 오믈렛 | B61: =IFERROR(__xludf.DUMMYFUNCTION("""COMPUTED_VALUE"""),"버터") -> 버터
A62: =IFERROR(__xludf.DUMMYFUNCTION("""COMPUTED_VALUE"""),"심쿵 오믈렛") -> 심쿵 오믈렛 | B62: =IFERROR(__xludf.DUMMYFUNCTION("""COMPUTED_VALUE"""),"브로콜리") -> 브로콜리
A63: =IFERROR(__xludf.DUMMYFUNCTION("""COMPUTED_VALUE"""),"심쿵 오믈렛") -> 심쿵 오믈렛 | B63: =IFERROR(__xludf.DUMMYFUNCTION("""COMPUTED_VALUE"""),"소금") -> 소금
A64: =IFERROR(__xludf.DUMMYFUNCTION("""COMPUTED_VALUE"""),"심쿵 오믈렛") -> 심쿵 오믈렛 | B64: =IFERROR(__xludf.DUMMYFUNCTION("""COMPUTED_VALUE"""),"후추") -> 후추
A65: =IFERROR(__xludf.DUMMYFUNCTION("""COMPUTED_VALUE"""),"심쿵 오믈렛") -> 심쿵 오믈렛 | B65: =IFERROR(__xludf.DUMMYFUNCTION("""COMPUTED_VALUE"""),"케찹") -> 케찹
A66: =IFERROR(__xludf.DUMMYFUNCTION("""COMPUTED_VALUE"""),"엔초비 파스타") -> 엔초비 파스타 | B66: =IFERROR(__xludf.DUMMYFUNCTION("""COMPUTED_VALUE"""),"파스타면") -> 파스타면
A67: =IFERROR(__xludf.DUMMYFUNCTION("""COMPUTED_VALUE"""),"엔초비 파스타") -> 엔초비 파스타 | B67: =IFERROR(__xludf.DUMMYFUNCTION("""COMPUTED_VALUE"""),"바게트빵") -> 바게트빵
A68: =IFERROR(__xludf.DUMMYFUNCTION("""COMPUTED_VALUE"""),"엔초비 파스타") -> 엔초비 파스타 | B68: =IFERROR(__xludf.DUMMYFUNCTION("""COMPUTED_VALUE"""),"올리브오일") -> 올리브오일
A69: =IFERROR(__xludf.DUMMYFUNCTION("""COMPUTED_VALUE"""),"엔초비 파스타") -> 엔초비 파스타 | B69: =IFERROR(__xludf.DUMMYFUNCTION("""COMPUTED_VALUE"""),"파슬리") -> 파슬리
A70: =IFERROR(__xludf.DUMMYFUNCTION("""COMPUTED_VALUE"""),"엔초비 파스타") -> 엔초비 파스타 | B70: =IFERROR(__xludf.DUMMYFUNCTION("""COMPUTED_VALUE"""),"다진마늘") -> 다진마늘
A71: =IFERROR(__xludf.DUMMYFUNCTION("""COMPUTED_VALUE"""),"엔초비 파스타") -> 엔초비 파스타 | B71: =IFERROR(__xludf.DUMMYFUNCTION("""COMPUTED_VALUE"""),"애호박") -> 애호박
A72: =IFERROR(__xludf.DUMMYFUNCTION("""COMPUTED_VALUE"""),"엔초비 파스타") -> 엔초비 파스타 | B72: =IFERROR(__xludf.DUMMYFUNCTION("""COMPUTED_VALUE"""),"페페로치노") -> 페페로치노
A73: =IFERROR(__xludf.DUMMYFUNCTION("""COMPUTED_VALUE"""),"엔초비 파스타") -> 엔초비 파스타 | B73: =IFERROR(__xludf.DUMMYFUNCTION("""COMPUTED_VALUE"""),"엔초비") -> 엔초비
A74: =IFERROR(__xludf.DUMMYFUNCTION("""COMPUTED_VALUE"""),"고기와 썸타는 떡국떡 삼합") -> 고기와 썸타는 떡국떡 삼합 | B74: =IFERROR(__xludf.DUMMYFUNCTION("""COMPUTED_VALUE"""),"맥주") -> 맥주
A75: =IFERROR(__xludf.DUMMYFUNCTION("""COMPUTED_VALUE"""),"고기와 썸타는 떡국떡 삼합") -> 고기와 썸타는 떡국떡 삼합 | B75: =IFERROR(__xludf.DUMMYFUNCTION("""COMPUTED_VALUE"""),"삼겹살") -> 삼겹살
A76: =IFERROR(__xludf.DUMMYFUNCTION("""COMPUTED_VALUE"""),"고기와 썸타는 떡국떡 삼합") -> 고기와 썸타는 떡국떡 삼합 | B76: =IFERROR(__xludf.DUMMYFUNCTION("""COMPUTED_VALUE"""),"김치") -> 김치
A77: =IFERROR(__xludf.DUMMYFUNCTION("""COMPUTED_VALUE"""),"고기와 썸타는 떡국떡 삼합") -> 고기와 썸타는 떡국떡 삼합 | B77: =IFERROR(__xludf.DUMMYFUNCTION("""COMPUTED_VALUE"""),"케찹") -> 케찹
A78: =IFERROR(__xludf.DUMMYFUNCTION("""COMPUTED_VALUE"""),"고기와 썸타는 떡국떡 삼합") -> 고기와 썸타는 떡국떡 삼합 | B78: =IFERROR(__xludf.DUMMYFUNCTION("""COMPUTED_VALUE"""),"고추장") -> 고추장
A79: =IFERROR(__xludf.DUMMYFUNCTION("""COMPUTED_VALUE"""),"고기와 썸타는 떡국떡 삼합") -> 고기와 썸타는 떡국떡 삼합 | B79: =IFERROR(__xludf.DUMMYFUNCTION("""COMPUTED_VALUE"""),"방울토마토") -> 방울토마토
A80: =IFERROR(__xludf.DUMMYFUNCTION("""COMPUTED_VALUE"""),"고기와 썸타는 떡국떡 삼합") -> 고기와 썸타는 떡국떡 삼합 | B80: =IFERROR(__xludf.DUMMYFUNCTION("""COMPUTED_VALUE"""),"떡국떡") -> 떡국떡
A81: =IFERROR(__xludf.DUMMYFUNCTION("""COMPUTED_VALUE"""),"고기와 썸타는 떡국떡 삼합") -> 고기와 썸타는 떡국떡 삼합 | B81: =IFERROR(__xludf.DUMMYFUNCTION("""COMPUTED_VALUE"""),"올리브오일") -> 올리브오일
A82: =IFERROR(__xludf.DUMMYFUNCTION("""COMPUTED_VALUE"""),"와닭") -> 와닭 | B82: =IFERROR(__xludf.DUMMYFUNCTION("""COMPUTED_VALUE"""),"생닭") -> 생닭
A83: =IFERROR(__xludf.DUMMYFUNCTION("""COMPUTED_VALUE"""),"와닭") -> 와닭 | B83: =IFERROR(__xludf.DUMMYFUNCTION("""COMPUTED_VALUE"""),"마늘") -> 마늘
A84: =IFERROR(__xludf.DUMMYFUNCTION("""COMPUTED_VALUE"""),"와닭") -> 와닭 | B84: =IFERROR(__xludf.DUMMYFUNCTION("""COMPUTED_VALUE"""),"양파") -> 양파
A85: =IFERROR(__xludf.DUMMYFUNCTION("""COMPUTED_VALUE"""),"와닭") -> 와닭 | B85: =IFERROR(__xludf.DUMMYFUNCTION("""COMPUTED_VALUE"""),"아티초크") -> 아티초크
A86: =IFERROR(__xludf.DUMMYFUNCTION("""COMPUTED_VALUE"""),"와닭") -> 와닭 | B86: =IFERROR(__xludf.DUMMYFUNCTION("""COMPUTED_VALUE"""),"토마토 소스") -> 토마토 소스
A87: =IFERROR(__xludf.DUMMYFUNCTION("""COMPUTED_VALUE"""),"와닭") -> 와닭 | B87: =IFERROR(__xludf.DUMMYFUNCTION("""COMPUTED_VALUE"""),"적포도") -> 적포도
A88: =IFERROR(__xludf.DUMMYFUNCTION("""COMPUTED_VALUE"""),"와닭") -> 와닭 | B88: =IFERROR(__xludf.DUMMYFUNCTION("""COMPUTED_VALUE"""),"사골육수") -> 사골육수
A89: =IFERROR(__xludf.DUMMYFUNCTION("""COMPUTED_VALUE"""),"브로콜리 치킨") -> 브로콜리 치킨 | B89: =IFERROR(__xludf.DUMMYFUNCTION("""COMPUTED_VALUE"""),"닭가슴살") -> 닭가슴살
A90: =IFERROR(__xludf.DUMMYFUNCTION("""COMPUTED_VALUE"""),"브로콜리 치킨") -> 브로콜리 치킨 | B90: =IFERROR(__xludf.DUMMYFUNCTION("""COMPUTED_VALUE"""),"브로콜리") -> 브로콜리
A91: =IFERROR(__xludf.DUMMYFUNCTION("""COMPUTED_VALUE"""),"브로콜리 치킨") -> 브로콜리 치킨 | B91: =IFERROR(__xludf.DUMMYFUNCTION("""COMPUTED_VALUE"""),"슬라이스 치즈") -> 슬라이스 치즈
A92: =IFERROR(__xludf.DUMMYFUNCTION("""COMPUTED_VALUE"""),"브로콜리 치킨") -> 브로콜리 치킨 | B92: =IFERROR(__xludf.DUMMYFUNCTION("""COMPUTED_VALUE"""),"파프리카") -> 파프리카
A93: =IFERROR(__xludf.DUMMYFUNCTION("""COMPUTED_VALUE"""),"브로콜리 치킨") -> 브로콜리 치킨 | B93: =IFERROR(__xludf.DUMMYFUNCTION("""COMPUTED_VALUE"""),"방울토마토") -> 방울토마토
A94: =IFERROR(__xludf.DUMMYFUNCTION("""COMPUTED_VALUE"""),"브로콜리 치킨") -> 브로콜리 치킨 | B94: =IFERROR(__xludf.DUMMYFUNCTION("""COMPUTED_VALUE"""),"버터") -> 버터
A95: =IFERROR(__xludf.DUMMYFUNCTION("""COMPUTED_VALUE"""),"브로콜리 치킨") -> 브로콜리 치킨 | B95: =IFERROR(__xludf.DUMMYFUNCTION("""COMPUTED_VALUE"""),"소금") -> 소금
A96: =IFERROR(__xludf.DUMMYFUNCTION("""COMPUTED_VALUE"""),"브로콜리 치킨") -> 브로콜리 치킨 | B96: =IFERROR(__xludf.DUMMYFUNCTION("""COMPUTED_VALUE"""),"후추") -> 후추
A97: =IFERROR(__xludf.DUMMYFUNCTION("""COMPUTED_VALUE"""),"삼겹살 플레이트") -> 삼겹살 플레이트 | B97: =IFERROR(__xludf.DUMMYFUNCTION("""COMPUTED_VALUE"""),"삼겹살") -> 삼겹살
A98: =IFERROR(__xludf.DUMMYFUNCTION("""COMPUTED_VALUE"""),"삼겹살 플레이트") -> 삼겹살 플레이트 | B98: =IFERROR(__xludf.DUMMYFUNCTION("""COMPUTED_VALUE"""),"양파") -> 양파
A99: =IFERROR(__xludf.DUMMYFUNCTION("""COMPUTED_VALUE"""),"삼겹살 플레이트") -> 삼겹살 플레이트 | B99: =IFERROR(__xludf.DUMMYFUNCTION("""COMPUTED_VALUE"""),"알배추") -> 알배추
A100: =IFERROR(__xludf.DUMMYFUNCTION("""COMPUTED_VALUE"""),"삼겹살 플레이트") -> 삼겹살 플레이트 | B100: =IFERROR(__xludf.DUMMYFUNCTION("""COMPUTED_VALUE"""),"밥") -> 밥
...

Sheet category
A1: recipe_title | B1: category
A2: =recipe!C2 -> 치킨 밀푀유
A3: =recipe!C3 -> 취닭거리
A4: =recipe!C4 -> 닭딸
A5: =recipe!C5 -> 어머니 맛 풍족밥
A6: =recipe!C6 -> 치킨 요로케
A7: =recipe!C7 -> 포크 미트볼
A8: =recipe!C8 -> 만두부인 육수터졌네
A9: =recipe!C9 -> 심쿵 오믈렛
A10: =recipe!C10 -> 엔초비 파스타
A11: =recipe!C11 -> 고기와 썸타는 떡국떡 삼합
A12: =recipe!C12 -> 와닭
A13: =recipe!C13 -> 브로콜리 치킨
... A1019: =recipe!C1019 -> 만두 만두 만두 눈꽃만두♬
